kind,kit,category,name,ui_base,registry_file,source_files,preview_image,upstream_url
block,quartz,bento,bento-1,base,registry/base/pro/bento-1.json,source/base/pro/blocks/bento/one/index.tsx;source/base/pro/blocks/bento/one/illustrations/currency.tsx;source/base/pro/blocks/bento/one/illustrations/notification.tsx;source/base/pro/blocks/bento/one/illustrations/poll.tsx;source/base/pro/blocks/bento/one/illustrations/reply.tsx;source/base/pro/blocks/bento/one/illustrations/visualization.tsx,previews/quartz/bento-1.png,https://tailark.com/r/bento-1.json
block,quartz,bento,bento-1,radix,registry/radix/pro/bento-1.json,source/radix/pro/blocks/bento/one/index.tsx;source/radix/pro/blocks/bento/one/illustrations/currency.tsx;source/radix/pro/blocks/bento/one/illustrations/notification.tsx;source/radix/pro/blocks/bento/one/illustrations/poll.tsx;source/radix/pro/blocks/bento/one/illustrations/reply.tsx;source/radix/pro/blocks/bento/one/illustrations/visualization.tsx,previews/quartz/bento-1.png,https://tailark.com/r/radix/bento-1.json
block,quartz,bento,bento-10,base,registry/base/pro/bento-10.json,source/base/pro/blocks/bento/ten/index.tsx;source/base/pro/blocks/bento/ten/illustrations/campaign.tsx;source/base/pro/blocks/bento/ten/illustrations/chart.tsx;source/base/pro/blocks/bento/ten/illustrations/finger-print.tsx;source/base/pro/blocks/bento/ten/illustrations/kit.tsx;source/base/pro/blocks/bento/ten/illustrations/memory-usage.tsx;source/base/pro/blocks/bento/ten/illustrations/message.tsx;source/base/pro/blocks/bento/ten/illustrations/uptime.tsx,previews/quartz/bento-10.png,https://tailark.com/r/bento-10.json
block,quartz,bento,bento-10,radix,registry/radix/pro/bento-10.json,source/radix/pro/blocks/bento/ten/index.tsx;source/radix/pro/blocks/bento/ten/illustrations/campaign.tsx;source/radix/pro/blocks/bento/ten/illustrations/chart.tsx;source/radix/pro/blocks/bento/ten/illustrations/finger-print.tsx;source/radix/pro/blocks/bento/ten/illustrations/kit.tsx;source/radix/pro/blocks/bento/ten/illustrations/memory-usage.tsx;source/radix/pro/blocks/bento/ten/illustrations/message.tsx;source/radix/pro/blocks/bento/ten/illustrations/uptime.tsx,previews/quartz/bento-10.png,https://tailark.com/r/radix/bento-10.json
block,quartz,bento,bento-11,base,registry/base/pro/bento-11.json,source/base/pro/blocks/bento/eleven/index.tsx;source/base/pro/blocks/bento/eleven/illustrations/add-comment.tsx;source/base/pro/blocks/bento/eleven/illustrations/currency.tsx;source/base/pro/blocks/bento/eleven/illustrations/document.tsx;source/base/pro/blocks/bento/eleven/illustrations/schedule.tsx,previews/quartz/bento-11.png,https://tailark.com/r/bento-11.json
block,quartz,bento,bento-11,radix,registry/radix/pro/bento-11.json,source/radix/pro/blocks/bento/eleven/index.tsx;source/radix/pro/blocks/bento/eleven/illustrations/add-comment.tsx;source/radix/pro/blocks/bento/eleven/illustrations/currency.tsx;source/radix/pro/blocks/bento/eleven/illustrations/document.tsx;source/radix/pro/blocks/bento/eleven/illustrations/schedule.tsx,previews/quartz/bento-11.png,https://tailark.com/r/radix/bento-11.json
block,quartz,bento,bento-12,base,registry/base/pro/bento-12.json,source/base/pro/blocks/bento/twelve/index.tsx;source/base/pro/blocks/bento/twelve/illustrations/chat.tsx;source/base/pro/blocks/bento/twelve/illustrations/currency.tsx;source/base/pro/blocks/bento/twelve/illustrations/file-upload.tsx;source/base/pro/blocks/bento/twelve/illustrations/reply.tsx;source/base/pro/blocks/bento/twelve/illustrations/schedule.tsx,previews/quartz/bento-12.png,https://tailark.com/r/bento-12.json
block,quartz,bento,bento-12,radix,registry/radix/pro/bento-12.json,source/radix/pro/blocks/bento/twelve/index.tsx;source/radix/pro/blocks/bento/twelve/illustrations/chat.tsx;source/radix/pro/blocks/bento/twelve/illustrations/currency.tsx;source/radix/pro/blocks/bento/twelve/illustrations/file-upload.tsx;source/radix/pro/blocks/bento/twelve/illustrations/reply.tsx;source/radix/pro/blocks/bento/twelve/illustrations/schedule.tsx,previews/quartz/bento-12.png,https://tailark.com/r/radix/bento-12.json
block,quartz,bento,bento-13,base,registry/base/pro/bento-13.json,source/base/pro/blocks/bento/thirteen/index.tsx;source/base/pro/blocks/bento/thirteen/illustrations/chat.tsx;source/base/pro/blocks/bento/thirteen/illustrations/currency.tsx;source/base/pro/blocks/bento/thirteen/illustrations/document.tsx;source/base/pro/blocks/bento/thirteen/illustrations/file-upload.tsx;source/base/pro/blocks/bento/thirteen/illustrations/reply.tsx;source/base/pro/blocks/bento/thirteen/illustrations/schedule.tsx,previews/quartz/bento-13.png,https://tailark.com/r/bento-13.json
block,quartz,bento,bento-13,radix,registry/radix/pro/bento-13.json,source/radix/pro/blocks/bento/thirteen/index.tsx;source/radix/pro/blocks/bento/thirteen/illustrations/chat.tsx;source/radix/pro/blocks/bento/thirteen/illustrations/currency.tsx;source/radix/pro/blocks/bento/thirteen/illustrations/document.tsx;source/radix/pro/blocks/bento/thirteen/illustrations/file-upload.tsx;source/radix/pro/blocks/bento/thirteen/illustrations/reply.tsx;source/radix/pro/blocks/bento/thirteen/illustrations/schedule.tsx,previews/quartz/bento-13.png,https://tailark.com/r/radix/bento-13.json
block,quartz,bento,bento-14,base,registry/base/pro/bento-14.json,source/base/pro/blocks/bento/fourteen/index.tsx;source/base/pro/blocks/bento/fourteen/map.tsx;source/base/pro/blocks/bento/fourteen/monitoring-chart.tsx;source/base/pro/blocks/bento/fourteen/illustrations/const.ts;source/base/pro/blocks/bento/fourteen/illustrations/currency.tsx;source/base/pro/blocks/bento/fourteen/illustrations/document.tsx;source/base/pro/blocks/bento/fourteen/illustrations/map.tsx,previews/quartz/bento-14.png,https://tailark.com/r/bento-14.json
block,quartz,bento,bento-14,radix,registry/radix/pro/bento-14.json,source/radix/pro/blocks/bento/fourteen/index.tsx;source/radix/pro/blocks/bento/fourteen/map.tsx;source/radix/pro/blocks/bento/fourteen/monitoring-chart.tsx;source/radix/pro/blocks/bento/fourteen/illustrations/const.ts;source/radix/pro/blocks/bento/fourteen/illustrations/currency.tsx;source/radix/pro/blocks/bento/fourteen/illustrations/document.tsx;source/radix/pro/blocks/bento/fourteen/illustrations/map.tsx,previews/quartz/bento-14.png,https://tailark.com/r/radix/bento-14.json
block,quartz,bento,bento-2,base,registry/base/pro/bento-2.json,source/base/pro/blocks/bento/two/index.tsx;source/base/pro/blocks/bento/two/map.tsx;source/base/pro/blocks/bento/two/illustrations/const.ts;source/base/pro/blocks/bento/two/illustrations/currency.tsx;source/base/pro/blocks/bento/two/illustrations/map.tsx;source/base/pro/blocks/bento/two/illustrations/notification.tsx;source/base/pro/blocks/bento/two/illustrations/reply.tsx;source/base/pro/blocks/bento/two/illustrations/visualization.tsx,previews/quartz/bento-2.png,https://tailark.com/r/bento-2.json
block,quartz,bento,bento-2,radix,registry/radix/pro/bento-2.json,source/radix/pro/blocks/bento/two/index.tsx;source/radix/pro/blocks/bento/two/map.tsx;source/radix/pro/blocks/bento/two/illustrations/const.ts;source/radix/pro/blocks/bento/two/illustrations/currency.tsx;source/radix/pro/blocks/bento/two/illustrations/map.tsx;source/radix/pro/blocks/bento/two/illustrations/notification.tsx;source/radix/pro/blocks/bento/two/illustrations/reply.tsx;source/radix/pro/blocks/bento/two/illustrations/visualization.tsx,previews/quartz/bento-2.png,https://tailark.com/r/radix/bento-2.json
block,quartz,bento,bento-3,base,registry/base/pro/bento-3.json,source/base/pro/blocks/bento/three/index.tsx;source/base/pro/blocks/bento/three/illustrations/campaign.tsx;source/base/pro/blocks/bento/three/illustrations/particles.tsx;source/base/pro/blocks/bento/three/illustrations/scan.tsx;source/base/pro/blocks/bento/three/illustrations/visualization.tsx,previews/quartz/bento-3.png,https://tailark.com/r/bento-3.json
block,quartz,bento,bento-3,radix,registry/radix/pro/bento-3.json,source/radix/pro/blocks/bento/three/index.tsx;source/radix/pro/blocks/bento/three/illustrations/campaign.tsx;source/radix/pro/blocks/bento/three/illustrations/particles.tsx;source/radix/pro/blocks/bento/three/illustrations/scan.tsx;source/radix/pro/blocks/bento/three/illustrations/visualization.tsx,previews/quartz/bento-3.png,https://tailark.com/r/radix/bento-3.json
block,quartz,bento,bento-4,base,registry/base/pro/bento-4.json,source/base/pro/blocks/bento/four/index.tsx;source/base/pro/blocks/bento/four/card-decorator.tsx;source/base/pro/blocks/bento/four/illustrations/document.tsx;source/base/pro/blocks/bento/four/illustrations/id-check.tsx;source/base/pro/blocks/bento/four/illustrations/keys.tsx;source/base/pro/blocks/bento/four/illustrations/reply.tsx,previews/quartz/bento-4.png,https://tailark.com/r/bento-4.json
block,quartz,bento,bento-4,radix,registry/radix/pro/bento-4.json,source/radix/pro/blocks/bento/four/index.tsx;source/radix/pro/blocks/bento/four/card-decorator.tsx;source/radix/pro/blocks/bento/four/illustrations/document.tsx;source/radix/pro/blocks/bento/four/illustrations/id-check.tsx;source/radix/pro/blocks/bento/four/illustrations/keys.tsx;source/radix/pro/blocks/bento/four/illustrations/reply.tsx,previews/quartz/bento-4.png,https://tailark.com/r/radix/bento-4.json
block,quartz,bento,bento-5,base,registry/base/pro/bento-5.json,source/base/pro/blocks/bento/five/index.tsx;source/base/pro/blocks/bento/five/illustrations/campaign.tsx;source/base/pro/blocks/bento/five/illustrations/chart.tsx;source/base/pro/blocks/bento/five/illustrations/document.tsx;source/base/pro/blocks/bento/five/illustrations/fingerprint-scan.tsx;source/base/pro/blocks/bento/five/illustrations/keys.tsx,previews/quartz/bento-5.png,https://tailark.com/r/bento-5.json
block,quartz,bento,bento-5,radix,registry/radix/pro/bento-5.json,source/radix/pro/blocks/bento/five/index.tsx;source/radix/pro/blocks/bento/five/illustrations/campaign.tsx;source/radix/pro/blocks/bento/five/illustrations/chart.tsx;source/radix/pro/blocks/bento/five/illustrations/document.tsx;source/radix/pro/blocks/bento/five/illustrations/fingerprint-scan.tsx;source/radix/pro/blocks/bento/five/illustrations/keys.tsx,previews/quartz/bento-5.png,https://tailark.com/r/radix/bento-5.json
block,quartz,bento,bento-6,base,registry/base/pro/bento-6.json,source/base/pro/blocks/bento/six/index.tsx;source/base/pro/blocks/bento/six/illustrations/chart.tsx;source/base/pro/blocks/bento/six/illustrations/kit.tsx;source/base/pro/blocks/bento/six/illustrations/message.tsx,previews/quartz/bento-6.png,https://tailark.com/r/bento-6.json
block,quartz,bento,bento-6,radix,registry/radix/pro/bento-6.json,source/radix/pro/blocks/bento/six/index.tsx;source/radix/pro/blocks/bento/six/illustrations/chart.tsx;source/radix/pro/blocks/bento/six/illustrations/kit.tsx;source/radix/pro/blocks/bento/six/illustrations/message.tsx,previews/quartz/bento-6.png,https://tailark.com/r/radix/bento-6.json
block,quartz,bento,bento-7,base,registry/base/pro/bento-7.json,source/base/pro/blocks/bento/seven/index.tsx;source/base/pro/blocks/bento/seven/illustrations/ai-1.tsx;source/base/pro/blocks/bento/seven/illustrations/documents.tsx;source/base/pro/blocks/bento/seven/illustrations/finger-print.tsx;source/base/pro/blocks/bento/seven/illustrations/map.tsx;source/base/pro/blocks/bento/seven/illustrations/memory-usage.tsx,previews/quartz/bento-7.png,https://tailark.com/r/bento-7.json
block,quartz,bento,bento-7,radix,registry/radix/pro/bento-7.json,source/radix/pro/blocks/bento/seven/index.tsx;source/radix/pro/blocks/bento/seven/illustrations/ai-1.tsx;source/radix/pro/blocks/bento/seven/illustrations/documents.tsx;source/radix/pro/blocks/bento/seven/illustrations/finger-print.tsx;source/radix/pro/blocks/bento/seven/illustrations/map.tsx;source/radix/pro/blocks/bento/seven/illustrations/memory-usage.tsx,previews/quartz/bento-7.png,https://tailark.com/r/radix/bento-7.json
block,quartz,bento,bento-8,base,registry/base/pro/bento-8.json,source/base/pro/blocks/bento/eight/index.tsx;source/base/pro/blocks/bento/eight/illustrations/ai-memory.tsx;source/base/pro/blocks/bento/eight/illustrations/campaign.tsx;source/base/pro/blocks/bento/eight/illustrations/chart.tsx;source/base/pro/blocks/bento/eight/illustrations/finger-print.tsx;source/base/pro/blocks/bento/eight/illustrations/message.tsx;source/base/pro/blocks/bento/eight/illustrations/models-2.tsx,previews/quartz/bento-8.png,https://tailark.com/r/bento-8.json
block,quartz,bento,bento-8,radix,registry/radix/pro/bento-8.json,source/radix/pro/blocks/bento/eight/index.tsx;source/radix/pro/blocks/bento/eight/illustrations/ai-memory.tsx;source/radix/pro/blocks/bento/eight/illustrations/campaign.tsx;source/radix/pro/blocks/bento/eight/illustrations/chart.tsx;source/radix/pro/blocks/bento/eight/illustrations/finger-print.tsx;source/radix/pro/blocks/bento/eight/illustrations/message.tsx;source/radix/pro/blocks/bento/eight/illustrations/models-2.tsx,previews/quartz/bento-8.png,https://tailark.com/r/radix/bento-8.json
block,quartz,bento,bento-9,base,registry/base/pro/bento-9.json,source/base/pro/blocks/bento/nine/index.tsx;source/base/pro/blocks/bento/nine/illustrations/chart.tsx;source/base/pro/blocks/bento/nine/illustrations/finger-print.tsx;source/base/pro/blocks/bento/nine/illustrations/memory-usage.tsx;source/base/pro/blocks/bento/nine/illustrations/message.tsx;source/base/pro/blocks/bento/nine/illustrations/poll.tsx;source/base/pro/blocks/bento/nine/illustrations/uptime.tsx,previews/quartz/bento-9.png,https://tailark.com/r/bento-9.json
block,quartz,bento,bento-9,radix,registry/radix/pro/bento-9.json,source/radix/pro/blocks/bento/nine/index.tsx;source/radix/pro/blocks/bento/nine/illustrations/chart.tsx;source/radix/pro/blocks/bento/nine/illustrations/finger-print.tsx;source/radix/pro/blocks/bento/nine/illustrations/memory-usage.tsx;source/radix/pro/blocks/bento/nine/illustrations/message.tsx;source/radix/pro/blocks/bento/nine/illustrations/poll.tsx;source/radix/pro/blocks/bento/nine/illustrations/uptime.tsx,previews/quartz/bento-9.png,https://tailark.com/r/radix/bento-9.json
block,quartz,blog-blocks,blog-blocks-1,base,registry/base/pro/blog-blocks-1.json,source/base/pro/blocks/blog-blocks/one/index.tsx,previews/quartz/blog-blocks-1.png,https://tailark.com/r/blog-blocks-1.json
block,quartz,blog-blocks,blog-blocks-1,radix,registry/radix/pro/blog-blocks-1.json,source/radix/pro/blocks/blog-blocks/one/index.tsx,previews/quartz/blog-blocks-1.png,https://tailark.com/r/radix/blog-blocks-1.json
block,quartz,blog-blocks,blog-blocks-2,base,registry/base/pro/blog-blocks-2.json,source/base/pro/blocks/blog-blocks/two/index.tsx,previews/quartz/blog-blocks-2.png,https://tailark.com/r/blog-blocks-2.json
block,quartz,blog-blocks,blog-blocks-2,radix,registry/radix/pro/blog-blocks-2.json,source/radix/pro/blocks/blog-blocks/two/index.tsx,previews/quartz/blog-blocks-2.png,https://tailark.com/r/radix/blog-blocks-2.json
block,quartz,blog-blocks,blog-blocks-3,base,registry/base/pro/blog-blocks-3.json,source/base/pro/blocks/blog-blocks/three/index.tsx,previews/quartz/blog-blocks-3.png,https://tailark.com/r/blog-blocks-3.json
block,quartz,blog-blocks,blog-blocks-3,radix,registry/radix/pro/blog-blocks-3.json,source/radix/pro/blocks/blog-blocks/three/index.tsx,previews/quartz/blog-blocks-3.png,https://tailark.com/r/radix/blog-blocks-3.json
block,quartz,blog-blocks,blog-blocks-4,base,registry/base/pro/blog-blocks-4.json,source/base/pro/blocks/blog-blocks/four/index.tsx,previews/quartz/blog-blocks-4.png,https://tailark.com/r/blog-blocks-4.json
block,quartz,blog-blocks,blog-blocks-4,radix,registry/radix/pro/blog-blocks-4.json,source/radix/pro/blocks/blog-blocks/four/index.tsx,previews/quartz/blog-blocks-4.png,https://tailark.com/r/radix/blog-blocks-4.json
block,quartz,blog-blocks,blog-blocks-5,base,registry/base/pro/blog-blocks-5.json,source/base/pro/blocks/blog-blocks/five/index.tsx,previews/quartz/blog-blocks-5.png,https://tailark.com/r/blog-blocks-5.json
block,quartz,blog-blocks,blog-blocks-5,radix,registry/radix/pro/blog-blocks-5.json,source/radix/pro/blocks/blog-blocks/five/index.tsx,previews/quartz/blog-blocks-5.png,https://tailark.com/r/radix/blog-blocks-5.json
block,quartz,blog-blocks,blog-blocks-6,base,registry/base/pro/blog-blocks-6.json,source/base/pro/blocks/blog-blocks/six/index.tsx,previews/quartz/blog-blocks-6.png,https://tailark.com/r/blog-blocks-6.json
block,quartz,blog-blocks,blog-blocks-6,radix,registry/radix/pro/blog-blocks-6.json,source/radix/pro/blocks/blog-blocks/six/index.tsx,previews/quartz/blog-blocks-6.png,https://tailark.com/r/radix/blog-blocks-6.json
block,quartz,blog-blocks,blog-blocks-7,base,registry/base/pro/blog-blocks-7.json,source/base/pro/blocks/blog-blocks/seven/index.tsx,previews/quartz/blog-blocks-7.png,https://tailark.com/r/blog-blocks-7.json
block,quartz,blog-blocks,blog-blocks-7,radix,registry/radix/pro/blog-blocks-7.json,source/radix/pro/blocks/blog-blocks/seven/index.tsx,previews/quartz/blog-blocks-7.png,https://tailark.com/r/radix/blog-blocks-7.json
block,quartz,call-to-action,call-to-action-1,base,registry/base/pro/call-to-action-1.json,source/base/pro/blocks/call-to-action/one/index.tsx,previews/quartz/call-to-action-1.png,https://tailark.com/r/call-to-action-1.json
block,quartz,call-to-action,call-to-action-1,radix,registry/radix/pro/call-to-action-1.json,source/radix/pro/blocks/call-to-action/one/index.tsx,previews/quartz/call-to-action-1.png,https://tailark.com/r/radix/call-to-action-1.json
block,quartz,call-to-action,call-to-action-2,base,registry/base/pro/call-to-action-2.json,source/base/pro/blocks/call-to-action/two/index.tsx;source/base/pro/blocks/call-to-action/two/illustrations/layout.tsx,previews/quartz/call-to-action-2.png,https://tailark.com/r/call-to-action-2.json
block,quartz,call-to-action,call-to-action-2,radix,registry/radix/pro/call-to-action-2.json,source/radix/pro/blocks/call-to-action/two/index.tsx;source/radix/pro/blocks/call-to-action/two/illustrations/layout.tsx,previews/quartz/call-to-action-2.png,https://tailark.com/r/radix/call-to-action-2.json
block,quartz,call-to-action,call-to-action-3,base,registry/base/pro/call-to-action-3.json,source/base/pro/blocks/call-to-action/three/index.tsx,previews/quartz/call-to-action-3.png,https://tailark.com/r/call-to-action-3.json
block,quartz,call-to-action,call-to-action-3,radix,registry/radix/pro/call-to-action-3.json,source/radix/pro/blocks/call-to-action/three/index.tsx,previews/quartz/call-to-action-3.png,https://tailark.com/r/radix/call-to-action-3.json
block,quartz,code-demo,code-demo-1,base,registry/base/pro/code-demo-1.json,source/base/pro/blocks/code-demo/one/index.tsx;source/base/pro/blocks/code-demo/one/code-block.tsx;source/base/pro/blocks/code-demo/one/illustrations/code-block.tsx,previews/quartz/code-demo-1.png,https://tailark.com/r/code-demo-1.json
block,quartz,code-demo,code-demo-1,radix,registry/radix/pro/code-demo-1.json,source/radix/pro/blocks/code-demo/one/index.tsx;source/radix/pro/blocks/code-demo/one/code-block.tsx;source/radix/pro/blocks/code-demo/one/illustrations/code-block.tsx,previews/quartz/code-demo-1.png,https://tailark.com/r/radix/code-demo-1.json
block,quartz,code-demo,code-demo-2,base,registry/base/pro/code-demo-2.json,source/base/pro/blocks/code-demo/two/index.tsx;source/base/pro/blocks/code-demo/two/code-block.tsx;source/base/pro/blocks/code-demo/two/illustrations/code-block.tsx,previews/quartz/code-demo-2.png,https://tailark.com/r/code-demo-2.json
block,quartz,code-demo,code-demo-2,radix,registry/radix/pro/code-demo-2.json,source/radix/pro/blocks/code-demo/two/index.tsx;source/radix/pro/blocks/code-demo/two/code-block.tsx;source/radix/pro/blocks/code-demo/two/illustrations/code-block.tsx,previews/quartz/code-demo-2.png,https://tailark.com/r/radix/code-demo-2.json
block,quartz,code-demo,code-demo-3,base,registry/base/pro/code-demo-3.json,source/base/pro/blocks/code-demo/three/index.tsx;source/base/pro/blocks/code-demo/three/code-block.tsx;source/base/pro/blocks/code-demo/three/illustrations/code-block.tsx;source/base/pro/blocks/code-demo/three/illustrations/login-preview.tsx,previews/quartz/code-demo-3.png,https://tailark.com/r/code-demo-3.json
block,quartz,code-demo,code-demo-3,radix,registry/radix/pro/code-demo-3.json,source/radix/pro/blocks/code-demo/three/index.tsx;source/radix/pro/blocks/code-demo/three/code-block.tsx;source/radix/pro/blocks/code-demo/three/illustrations/code-block.tsx;source/radix/pro/blocks/code-demo/three/illustrations/login-preview.tsx,previews/quartz/code-demo-3.png,https://tailark.com/r/radix/code-demo-3.json
block,quartz,code-demo,code-demo-4,base,registry/base/pro/code-demo-4.json,source/base/pro/blocks/code-demo/four/index.tsx;source/base/pro/blocks/code-demo/four/code-block.tsx;source/base/pro/blocks/code-demo/four/illustrations/code-block.tsx,previews/quartz/code-demo-4.png,https://tailark.com/r/code-demo-4.json
block,quartz,code-demo,code-demo-4,radix,registry/radix/pro/code-demo-4.json,source/radix/pro/blocks/code-demo/four/index.tsx;source/radix/pro/blocks/code-demo/four/code-block.tsx;source/radix/pro/blocks/code-demo/four/illustrations/code-block.tsx,previews/quartz/code-demo-4.png,https://tailark.com/r/radix/code-demo-4.json
block,quartz,comparator,comparator-1,base,registry/base/pro/comparator-1.json,source/base/pro/blocks/comparator/one/index.tsx,previews/quartz/comparator-1.png,https://tailark.com/r/comparator-1.json
block,quartz,comparator,comparator-1,radix,registry/radix/pro/comparator-1.json,source/radix/pro/blocks/comparator/one/index.tsx,previews/quartz/comparator-1.png,https://tailark.com/r/radix/comparator-1.json
block,quartz,comparator,comparator-2,base,registry/base/pro/comparator-2.json,source/base/pro/blocks/comparator/two/index.tsx,previews/quartz/comparator-2.png,https://tailark.com/r/comparator-2.json
block,quartz,comparator,comparator-2,radix,registry/radix/pro/comparator-2.json,source/radix/pro/blocks/comparator/two/index.tsx,previews/quartz/comparator-2.png,https://tailark.com/r/radix/comparator-2.json
block,quartz,comparator,comparator-3,base,registry/base/pro/comparator-3.json,source/base/pro/blocks/comparator/three/index.tsx,previews/quartz/comparator-3.png,https://tailark.com/r/comparator-3.json
block,quartz,comparator,comparator-3,radix,registry/radix/pro/comparator-3.json,source/radix/pro/blocks/comparator/three/index.tsx,previews/quartz/comparator-3.png,https://tailark.com/r/radix/comparator-3.json
block,quartz,comparator,comparator-4,base,registry/base/pro/comparator-4.json,source/base/pro/blocks/comparator/four/index.tsx,previews/quartz/comparator-4.png,https://tailark.com/r/comparator-4.json
block,quartz,comparator,comparator-4,radix,registry/radix/pro/comparator-4.json,source/radix/pro/blocks/comparator/four/index.tsx,previews/quartz/comparator-4.png,https://tailark.com/r/radix/comparator-4.json
block,quartz,comparator,comparator-5,base,registry/base/pro/comparator-5.json,source/base/pro/blocks/comparator/five/index.tsx,previews/quartz/comparator-5.png,https://tailark.com/r/comparator-5.json
block,quartz,comparator,comparator-5,radix,registry/radix/pro/comparator-5.json,source/radix/pro/blocks/comparator/five/index.tsx,previews/quartz/comparator-5.png,https://tailark.com/r/radix/comparator-5.json
block,quartz,comparator,comparator-6,base,registry/base/pro/comparator-6.json,source/base/pro/blocks/comparator/six/index.tsx,previews/quartz/comparator-6.png,https://tailark.com/r/comparator-6.json
block,quartz,comparator,comparator-6,radix,registry/radix/pro/comparator-6.json,source/radix/pro/blocks/comparator/six/index.tsx,previews/quartz/comparator-6.png,https://tailark.com/r/radix/comparator-6.json
block,quartz,comparator,comparator-7,base,registry/base/pro/comparator-7.json,source/base/pro/blocks/comparator/seven/index.tsx,previews/quartz/comparator-7.png,https://tailark.com/r/comparator-7.json
block,quartz,comparator,comparator-7,radix,registry/radix/pro/comparator-7.json,source/radix/pro/blocks/comparator/seven/index.tsx,previews/quartz/comparator-7.png,https://tailark.com/r/radix/comparator-7.json
block,quartz,contact,contact-1,base,registry/base/pro/contact-1.json,source/base/pro/blocks/contact/one/index.tsx,previews/quartz/contact-1.png,https://tailark.com/r/contact-1.json
block,quartz,contact,contact-1,radix,registry/radix/pro/contact-1.json,source/radix/pro/blocks/contact/one/index.tsx,previews/quartz/contact-1.png,https://tailark.com/r/radix/contact-1.json
block,quartz,contact,contact-10,base,registry/base/pro/contact-10.json,source/base/pro/blocks/contact/ten/index.tsx,previews/quartz/contact-10.png,https://tailark.com/r/contact-10.json
block,quartz,contact,contact-10,radix,registry/radix/pro/contact-10.json,source/radix/pro/blocks/contact/ten/index.tsx,previews/quartz/contact-10.png,https://tailark.com/r/radix/contact-10.json
block,quartz,contact,contact-2,base,registry/base/pro/contact-2.json,source/base/pro/blocks/contact/two/index.tsx,previews/quartz/contact-2.png,https://tailark.com/r/contact-2.json
block,quartz,contact,contact-2,radix,registry/radix/pro/contact-2.json,source/radix/pro/blocks/contact/two/index.tsx,previews/quartz/contact-2.png,https://tailark.com/r/radix/contact-2.json
block,quartz,contact,contact-3,base,registry/base/pro/contact-3.json,source/base/pro/blocks/contact/three/index.tsx,previews/quartz/contact-3.png,https://tailark.com/r/contact-3.json
block,quartz,contact,contact-3,radix,registry/radix/pro/contact-3.json,source/radix/pro/blocks/contact/three/index.tsx,previews/quartz/contact-3.png,https://tailark.com/r/radix/contact-3.json
block,quartz,contact,contact-4,base,registry/base/pro/contact-4.json,source/base/pro/blocks/contact/four/index.tsx,previews/quartz/contact-4.png,https://tailark.com/r/contact-4.json
block,quartz,contact,contact-4,radix,registry/radix/pro/contact-4.json,source/radix/pro/blocks/contact/four/index.tsx,previews/quartz/contact-4.png,https://tailark.com/r/radix/contact-4.json
block,quartz,contact,contact-5,base,registry/base/pro/contact-5.json,source/base/pro/blocks/contact/five/index.tsx,previews/quartz/contact-5.png,https://tailark.com/r/contact-5.json
block,quartz,contact,contact-5,radix,registry/radix/pro/contact-5.json,source/radix/pro/blocks/contact/five/index.tsx,previews/quartz/contact-5.png,https://tailark.com/r/radix/contact-5.json
block,quartz,contact,contact-6,base,registry/base/pro/contact-6.json,source/base/pro/blocks/contact/six/index.tsx,previews/quartz/contact-6.png,https://tailark.com/r/contact-6.json
block,quartz,contact,contact-6,radix,registry/radix/pro/contact-6.json,source/radix/pro/blocks/contact/six/index.tsx,previews/quartz/contact-6.png,https://tailark.com/r/radix/contact-6.json
block,quartz,contact,contact-7,base,registry/base/pro/contact-7.json,source/base/pro/blocks/contact/seven/index.tsx,previews/quartz/contact-7.png,https://tailark.com/r/contact-7.json
block,quartz,contact,contact-7,radix,registry/radix/pro/contact-7.json,source/radix/pro/blocks/contact/seven/index.tsx,previews/quartz/contact-7.png,https://tailark.com/r/radix/contact-7.json
block,quartz,contact,contact-8,base,registry/base/pro/contact-8.json,source/base/pro/blocks/contact/eight/index.tsx,previews/quartz/contact-8.png,https://tailark.com/r/contact-8.json
block,quartz,contact,contact-8,radix,registry/radix/pro/contact-8.json,source/radix/pro/blocks/contact/eight/index.tsx,previews/quartz/contact-8.png,https://tailark.com/r/radix/contact-8.json
block,quartz,contact,contact-9,base,registry/base/pro/contact-9.json,source/base/pro/blocks/contact/nine/index.tsx,previews/quartz/contact-9.png,https://tailark.com/r/contact-9.json
block,quartz,contact,contact-9,radix,registry/radix/pro/contact-9.json,source/radix/pro/blocks/contact/nine/index.tsx,previews/quartz/contact-9.png,https://tailark.com/r/radix/contact-9.json
block,quartz,content,content-1,base,registry/base/pro/content-1.json,source/base/pro/blocks/content/one/index.tsx,previews/quartz/content-1.png,https://tailark.com/r/content-1.json
block,quartz,content,content-1,radix,registry/radix/pro/content-1.json,source/radix/pro/blocks/content/one/index.tsx,previews/quartz/content-1.png,https://tailark.com/r/radix/content-1.json
block,quartz,content,content-2,base,registry/base/pro/content-2.json,source/base/pro/blocks/content/two/index.tsx,previews/quartz/content-2.png,https://tailark.com/r/content-2.json
block,quartz,content,content-2,radix,registry/radix/pro/content-2.json,source/radix/pro/blocks/content/two/index.tsx,previews/quartz/content-2.png,https://tailark.com/r/radix/content-2.json
block,quartz,content,content-3,base,registry/base/pro/content-3.json,source/base/pro/blocks/content/three/index.tsx,previews/quartz/content-3.png,https://tailark.com/r/content-3.json
block,quartz,content,content-3,radix,registry/radix/pro/content-3.json,source/radix/pro/blocks/content/three/index.tsx,previews/quartz/content-3.png,https://tailark.com/r/radix/content-3.json
block,quartz,content,content-4,base,registry/base/pro/content-4.json,source/base/pro/blocks/content/four/index.tsx,previews/quartz/content-4.png,https://tailark.com/r/content-4.json
block,quartz,content,content-4,radix,registry/radix/pro/content-4.json,source/radix/pro/blocks/content/four/index.tsx,previews/quartz/content-4.png,https://tailark.com/r/radix/content-4.json
block,quartz,content,content-5,base,registry/base/pro/content-5.json,source/base/pro/blocks/content/five/index.tsx,previews/quartz/content-5.png,https://tailark.com/r/content-5.json
block,quartz,content,content-5,radix,registry/radix/pro/content-5.json,source/radix/pro/blocks/content/five/index.tsx,previews/quartz/content-5.png,https://tailark.com/r/radix/content-5.json
block,quartz,content,content-6,base,registry/base/pro/content-6.json,source/base/pro/blocks/content/six/index.tsx,previews/quartz/content-6.png,https://tailark.com/r/content-6.json
block,quartz,content,content-6,radix,registry/radix/pro/content-6.json,source/radix/pro/blocks/content/six/index.tsx,previews/quartz/content-6.png,https://tailark.com/r/radix/content-6.json
block,quartz,content,content-7,base,registry/base/pro/content-7.json,source/base/pro/blocks/content/seven/index.tsx,previews/quartz/content-7.png,https://tailark.com/r/content-7.json
block,quartz,content,content-7,radix,registry/radix/pro/content-7.json,source/radix/pro/blocks/content/seven/index.tsx,previews/quartz/content-7.png,https://tailark.com/r/radix/content-7.json
block,quartz,description-list,description-list-1,base,registry/base/pro/description-list-1.json,source/base/pro/blocks/description-list/one/index.tsx,previews/quartz/description-list-1.png,https://tailark.com/r/description-list-1.json
block,quartz,description-list,description-list-1,radix,registry/radix/pro/description-list-1.json,source/radix/pro/blocks/description-list/one/index.tsx,previews/quartz/description-list-1.png,https://tailark.com/r/radix/description-list-1.json
block,quartz,description-list,description-list-2,base,registry/base/pro/description-list-2.json,source/base/pro/blocks/description-list/two/index.tsx,previews/quartz/description-list-2.png,https://tailark.com/r/description-list-2.json
block,quartz,description-list,description-list-2,radix,registry/radix/pro/description-list-2.json,source/radix/pro/blocks/description-list/two/index.tsx,previews/quartz/description-list-2.png,https://tailark.com/r/radix/description-list-2.json
block,quartz,description-list,description-list-3,base,registry/base/pro/description-list-3.json,source/base/pro/blocks/description-list/three/index.tsx,previews/quartz/description-list-3.png,https://tailark.com/r/description-list-3.json
block,quartz,description-list,description-list-3,radix,registry/radix/pro/description-list-3.json,source/radix/pro/blocks/description-list/three/index.tsx,previews/quartz/description-list-3.png,https://tailark.com/r/radix/description-list-3.json
block,quartz,description-list,description-list-4,base,registry/base/pro/description-list-4.json,source/base/pro/blocks/description-list/four/index.tsx,previews/quartz/description-list-4.png,https://tailark.com/r/description-list-4.json
block,quartz,description-list,description-list-4,radix,registry/radix/pro/description-list-4.json,source/radix/pro/blocks/description-list/four/index.tsx,previews/quartz/description-list-4.png,https://tailark.com/r/radix/description-list-4.json
block,quartz,description-list,description-list-5,base,registry/base/pro/description-list-5.json,source/base/pro/blocks/description-list/five/index.tsx,previews/quartz/description-list-5.png,https://tailark.com/r/description-list-5.json
block,quartz,description-list,description-list-5,radix,registry/radix/pro/description-list-5.json,source/radix/pro/blocks/description-list/five/index.tsx,previews/quartz/description-list-5.png,https://tailark.com/r/radix/description-list-5.json
block,quartz,description-list,description-list-6,base,registry/base/pro/description-list-6.json,source/base/pro/blocks/description-list/six/index.tsx,previews/quartz/description-list-6.png,https://tailark.com/r/description-list-6.json
block,quartz,description-list,description-list-6,radix,registry/radix/pro/description-list-6.json,source/radix/pro/blocks/description-list/six/index.tsx,previews/quartz/description-list-6.png,https://tailark.com/r/radix/description-list-6.json
block,quartz,description-list,description-list-7,base,registry/base/pro/description-list-7.json,source/base/pro/blocks/description-list/seven/index.tsx,previews/quartz/description-list-7.png,https://tailark.com/r/description-list-7.json
block,quartz,description-list,description-list-7,radix,registry/radix/pro/description-list-7.json,source/radix/pro/blocks/description-list/seven/index.tsx,previews/quartz/description-list-7.png,https://tailark.com/r/radix/description-list-7.json
block,quartz,description-list,description-list-8,base,registry/base/pro/description-list-8.json,source/base/pro/blocks/description-list/eight/index.tsx,previews/quartz/description-list-8.png,https://tailark.com/r/description-list-8.json
block,quartz,description-list,description-list-8,radix,registry/radix/pro/description-list-8.json,source/radix/pro/blocks/description-list/eight/index.tsx,previews/quartz/description-list-8.png,https://tailark.com/r/radix/description-list-8.json
block,dusk,call-to-action,dusk-call-to-action-1,base,registry/base/oss/dusk-call-to-action-1.json,source/base/oss/dusk/blocks/call-to-action/one.tsx,previews/dusk/dusk-call-to-action-1.png,https://oss.tailark.com/r/dusk-call-to-action-1.json
block,dusk,call-to-action,dusk-call-to-action-1,radix,registry/radix/oss/dusk-call-to-action-1.json,source/radix/oss/dusk/blocks/call-to-action/one.tsx,previews/dusk/dusk-call-to-action-1.png,https://oss.tailark.com/r/radix/dusk-call-to-action-1.json
block,dusk,call-to-action,dusk-call-to-action-2,base,registry/base/oss/dusk-call-to-action-2.json,source/base/oss/dusk/blocks/call-to-action/two.tsx,previews/dusk/dusk-call-to-action-2.png,https://oss.tailark.com/r/dusk-call-to-action-2.json
block,dusk,call-to-action,dusk-call-to-action-2,radix,registry/radix/oss/dusk-call-to-action-2.json,source/radix/oss/dusk/blocks/call-to-action/two.tsx,previews/dusk/dusk-call-to-action-2.png,https://oss.tailark.com/r/radix/dusk-call-to-action-2.json
block,dusk,content,dusk-content-1,base,registry/base/oss/dusk-content-1.json,source/base/oss/dusk/blocks/content/one.tsx,previews/dusk/dusk-content-1.png,https://oss.tailark.com/r/dusk-content-1.json
block,dusk,content,dusk-content-1,radix,registry/radix/oss/dusk-content-1.json,source/radix/oss/dusk/blocks/content/one.tsx,previews/dusk/dusk-content-1.png,https://oss.tailark.com/r/radix/dusk-content-1.json
block,dusk,content,dusk-content-2,base,registry/base/oss/dusk-content-2.json,source/base/oss/dusk/blocks/content/two.tsx,previews/dusk/dusk-content-2.png,https://oss.tailark.com/r/dusk-content-2.json
block,dusk,content,dusk-content-2,radix,registry/radix/oss/dusk-content-2.json,source/radix/oss/dusk/blocks/content/two.tsx,previews/dusk/dusk-content-2.png,https://oss.tailark.com/r/radix/dusk-content-2.json
block,dusk,content,dusk-content-3,base,registry/base/oss/dusk-content-3.json,source/base/oss/dusk/blocks/content/three.tsx,previews/dusk/dusk-content-3.png,https://oss.tailark.com/r/dusk-content-3.json
block,dusk,content,dusk-content-3,radix,registry/radix/oss/dusk-content-3.json,source/radix/oss/dusk/blocks/content/three.tsx,previews/dusk/dusk-content-3.png,https://oss.tailark.com/r/radix/dusk-content-3.json
block,dusk,content,dusk-content-4,base,registry/base/oss/dusk-content-4.json,source/base/oss/dusk/blocks/content/four.tsx,previews/dusk/dusk-content-4.png,https://oss.tailark.com/r/dusk-content-4.json
block,dusk,content,dusk-content-4,radix,registry/radix/oss/dusk-content-4.json,source/radix/oss/dusk/blocks/content/four.tsx,previews/dusk/dusk-content-4.png,https://oss.tailark.com/r/radix/dusk-content-4.json
block,dusk,faqs,dusk-faqs-1,base,registry/base/oss/dusk-faqs-1.json,source/base/oss/dusk/blocks/faqs/one.tsx,previews/dusk/dusk-faqs-1.png,https://oss.tailark.com/r/dusk-faqs-1.json
block,dusk,faqs,dusk-faqs-1,radix,registry/radix/oss/dusk-faqs-1.json,source/radix/oss/dusk/blocks/faqs/one.tsx,previews/dusk/dusk-faqs-1.png,https://oss.tailark.com/r/radix/dusk-faqs-1.json
block,dusk,features,dusk-features-1,base,registry/base/oss/dusk-features-1.json,source/base/oss/dusk/blocks/features/one.tsx,previews/dusk/dusk-features-1.png,https://oss.tailark.com/r/dusk-features-1.json
block,dusk,features,dusk-features-1,radix,registry/radix/oss/dusk-features-1.json,source/radix/oss/dusk/blocks/features/one.tsx,previews/dusk/dusk-features-1.png,https://oss.tailark.com/r/radix/dusk-features-1.json
block,dusk,features,dusk-features-2,base,registry/base/oss/dusk-features-2.json,source/base/oss/dusk/blocks/features/two.tsx,previews/dusk/dusk-features-2.png,https://oss.tailark.com/r/dusk-features-2.json
block,dusk,features,dusk-features-2,radix,registry/radix/oss/dusk-features-2.json,source/radix/oss/dusk/blocks/features/two.tsx,previews/dusk/dusk-features-2.png,https://oss.tailark.com/r/radix/dusk-features-2.json
block,dusk,features,dusk-features-3,base,registry/base/oss/dusk-features-3.json,source/base/oss/dusk/blocks/features/three.tsx,previews/dusk/dusk-features-3.png,https://oss.tailark.com/r/dusk-features-3.json
block,dusk,features,dusk-features-3,radix,registry/radix/oss/dusk-features-3.json,source/radix/oss/dusk/blocks/features/three.tsx,previews/dusk/dusk-features-3.png,https://oss.tailark.com/r/radix/dusk-features-3.json
block,dusk,features,dusk-features-4,base,registry/base/oss/dusk-features-4.json,source/base/oss/dusk/blocks/features/four.tsx,previews/dusk/dusk-features-4.png,https://oss.tailark.com/r/dusk-features-4.json
block,dusk,features,dusk-features-4,radix,registry/radix/oss/dusk-features-4.json,source/radix/oss/dusk/blocks/features/four.tsx,previews/dusk/dusk-features-4.png,https://oss.tailark.com/r/radix/dusk-features-4.json
block,dusk,features,dusk-features-5,base,registry/base/oss/dusk-features-5.json,source/base/oss/dusk/blocks/features/five.tsx,previews/dusk/dusk-features-5.png,https://oss.tailark.com/r/dusk-features-5.json
block,dusk,features,dusk-features-5,radix,registry/radix/oss/dusk-features-5.json,source/radix/oss/dusk/blocks/features/five.tsx,previews/dusk/dusk-features-5.png,https://oss.tailark.com/r/radix/dusk-features-5.json
block,dusk,features,dusk-features-6,base,registry/base/oss/dusk-features-6.json,source/base/oss/dusk/blocks/features/six.tsx,previews/dusk/dusk-features-6.png,https://oss.tailark.com/r/dusk-features-6.json
block,dusk,features,dusk-features-6,radix,registry/radix/oss/dusk-features-6.json,source/radix/oss/dusk/blocks/features/six.tsx,previews/dusk/dusk-features-6.png,https://oss.tailark.com/r/radix/dusk-features-6.json
block,dusk,features,dusk-features-7,base,registry/base/oss/dusk-features-7.json,source/base/oss/dusk/blocks/features/seven.tsx,previews/dusk/dusk-features-7.png,https://oss.tailark.com/r/dusk-features-7.json
block,dusk,features,dusk-features-7,radix,registry/radix/oss/dusk-features-7.json,source/radix/oss/dusk/blocks/features/seven.tsx,previews/dusk/dusk-features-7.png,https://oss.tailark.com/r/radix/dusk-features-7.json
block,dusk,footer,dusk-footer-1,base,registry/base/oss/dusk-footer-1.json,source/base/oss/dusk/blocks/footer/one.tsx,previews/dusk/dusk-footer-1.png,https://oss.tailark.com/r/dusk-footer-1.json
block,dusk,footer,dusk-footer-1,radix,registry/radix/oss/dusk-footer-1.json,source/radix/oss/dusk/blocks/footer/one.tsx,previews/dusk/dusk-footer-1.png,https://oss.tailark.com/r/radix/dusk-footer-1.json
block,dusk,footer,dusk-footer-2,base,registry/base/oss/dusk-footer-2.json,source/base/oss/dusk/blocks/footer/two.tsx,previews/dusk/dusk-footer-2.png,https://oss.tailark.com/r/dusk-footer-2.json
block,dusk,footer,dusk-footer-2,radix,registry/radix/oss/dusk-footer-2.json,source/radix/oss/dusk/blocks/footer/two.tsx,previews/dusk/dusk-footer-2.png,https://oss.tailark.com/r/radix/dusk-footer-2.json
block,dusk,hero-section,dusk-hero-section-1,base,registry/base/oss/dusk-hero-section-1.json,source/base/oss/dusk/blocks/hero-section/one/hero-section.tsx,previews/dusk/dusk-hero-section-1.png,https://oss.tailark.com/r/dusk-hero-section-1.json
block,dusk,hero-section,dusk-hero-section-1,radix,registry/radix/oss/dusk-hero-section-1.json,source/radix/oss/dusk/blocks/hero-section/one/hero-section.tsx,previews/dusk/dusk-hero-section-1.png,https://oss.tailark.com/r/radix/dusk-hero-section-1.json
block,dusk,hero-section,dusk-hero-section-10,base,registry/base/oss/dusk-hero-section-10.json,source/base/oss/dusk/blocks/hero-section/ten/hero-section.tsx,previews/dusk/dusk-hero-section-10.png,https://oss.tailark.com/r/dusk-hero-section-10.json
block,dusk,hero-section,dusk-hero-section-10,radix,registry/radix/oss/dusk-hero-section-10.json,source/radix/oss/dusk/blocks/hero-section/ten/hero-section.tsx,previews/dusk/dusk-hero-section-10.png,https://oss.tailark.com/r/radix/dusk-hero-section-10.json
block,dusk,hero-section,dusk-hero-section-2,base,registry/base/oss/dusk-hero-section-2.json,source/base/oss/dusk/blocks/hero-section/two/hero-section.tsx,previews/dusk/dusk-hero-section-2.png,https://oss.tailark.com/r/dusk-hero-section-2.json
block,dusk,hero-section,dusk-hero-section-2,radix,registry/radix/oss/dusk-hero-section-2.json,source/radix/oss/dusk/blocks/hero-section/two/hero-section.tsx,previews/dusk/dusk-hero-section-2.png,https://oss.tailark.com/r/radix/dusk-hero-section-2.json
block,dusk,hero-section,dusk-hero-section-3,base,registry/base/oss/dusk-hero-section-3.json,source/base/oss/dusk/blocks/hero-section/three/hero-section.tsx,previews/dusk/dusk-hero-section-3.png,https://oss.tailark.com/r/dusk-hero-section-3.json
block,dusk,hero-section,dusk-hero-section-3,radix,registry/radix/oss/dusk-hero-section-3.json,source/radix/oss/dusk/blocks/hero-section/three/hero-section.tsx,previews/dusk/dusk-hero-section-3.png,https://oss.tailark.com/r/radix/dusk-hero-section-3.json
block,dusk,hero-section,dusk-hero-section-4,base,registry/base/oss/dusk-hero-section-4.json,source/base/oss/dusk/blocks/hero-section/four/hero-section.tsx,previews/dusk/dusk-hero-section-4.png,https://oss.tailark.com/r/dusk-hero-section-4.json
block,dusk,hero-section,dusk-hero-section-4,radix,registry/radix/oss/dusk-hero-section-4.json,source/radix/oss/dusk/blocks/hero-section/four/hero-section.tsx,previews/dusk/dusk-hero-section-4.png,https://oss.tailark.com/r/radix/dusk-hero-section-4.json
block,dusk,hero-section,dusk-hero-section-5,base,registry/base/oss/dusk-hero-section-5.json,source/base/oss/dusk/blocks/hero-section/five/hero-section.tsx,previews/dusk/dusk-hero-section-5.png,https://oss.tailark.com/r/dusk-hero-section-5.json
block,dusk,hero-section,dusk-hero-section-5,radix,registry/radix/oss/dusk-hero-section-5.json,source/radix/oss/dusk/blocks/hero-section/five/hero-section.tsx,previews/dusk/dusk-hero-section-5.png,https://oss.tailark.com/r/radix/dusk-hero-section-5.json
block,dusk,hero-section,dusk-hero-section-6,base,registry/base/oss/dusk-hero-section-6.json,source/base/oss/dusk/blocks/hero-section/six/hero-section.tsx,previews/dusk/dusk-hero-section-6.png,https://oss.tailark.com/r/dusk-hero-section-6.json
block,dusk,hero-section,dusk-hero-section-6,radix,registry/radix/oss/dusk-hero-section-6.json,source/radix/oss/dusk/blocks/hero-section/six/hero-section.tsx,previews/dusk/dusk-hero-section-6.png,https://oss.tailark.com/r/radix/dusk-hero-section-6.json
block,dusk,hero-section,dusk-hero-section-7,base,registry/base/oss/dusk-hero-section-7.json,source/base/oss/dusk/blocks/hero-section/seven/hero-section.tsx,previews/dusk/dusk-hero-section-7.png,https://oss.tailark.com/r/dusk-hero-section-7.json
block,dusk,hero-section,dusk-hero-section-7,radix,registry/radix/oss/dusk-hero-section-7.json,source/radix/oss/dusk/blocks/hero-section/seven/hero-section.tsx,previews/dusk/dusk-hero-section-7.png,https://oss.tailark.com/r/radix/dusk-hero-section-7.json
block,dusk,hero-section,dusk-hero-section-8,base,registry/base/oss/dusk-hero-section-8.json,source/base/oss/dusk/blocks/hero-section/eight.tsx,previews/dusk/dusk-hero-section-8.png,https://oss.tailark.com/r/dusk-hero-section-8.json
block,dusk,hero-section,dusk-hero-section-8,radix,registry/radix/oss/dusk-hero-section-8.json,source/radix/oss/dusk/blocks/hero-section/eight.tsx,previews/dusk/dusk-hero-section-8.png,https://oss.tailark.com/r/radix/dusk-hero-section-8.json
block,dusk,hero-section,dusk-hero-section-9,base,registry/base/oss/dusk-hero-section-9.json,source/base/oss/dusk/blocks/hero-section/nine/hero-section.tsx,previews/dusk/dusk-hero-section-9.png,https://oss.tailark.com/r/dusk-hero-section-9.json
block,dusk,hero-section,dusk-hero-section-9,radix,registry/radix/oss/dusk-hero-section-9.json,source/radix/oss/dusk/blocks/hero-section/nine/hero-section.tsx,previews/dusk/dusk-hero-section-9.png,https://oss.tailark.com/r/radix/dusk-hero-section-9.json
block,dusk,integrations,dusk-integrations-1,base,registry/base/oss/dusk-integrations-1.json,source/base/oss/dusk/blocks/integrations/one.tsx,previews/dusk/dusk-integrations-1.png,https://oss.tailark.com/r/dusk-integrations-1.json
block,dusk,integrations,dusk-integrations-1,radix,registry/radix/oss/dusk-integrations-1.json,source/radix/oss/dusk/blocks/integrations/one.tsx,previews/dusk/dusk-integrations-1.png,https://oss.tailark.com/r/radix/dusk-integrations-1.json
block,dusk,logo-cloud,dusk-logo-cloud-1,base,registry/base/oss/dusk-logo-cloud-1.json,source/base/oss/dusk/blocks/logo-cloud/one.tsx,previews/dusk/dusk-logo-cloud-1.png,https://oss.tailark.com/r/dusk-logo-cloud-1.json
block,dusk,logo-cloud,dusk-logo-cloud-1,radix,registry/radix/oss/dusk-logo-cloud-1.json,source/radix/oss/dusk/blocks/logo-cloud/one.tsx,previews/dusk/dusk-logo-cloud-1.png,https://oss.tailark.com/r/radix/dusk-logo-cloud-1.json
block,dusk,logo-cloud,dusk-logo-cloud-2,base,registry/base/oss/dusk-logo-cloud-2.json,source/base/oss/dusk/blocks/logo-cloud/two.tsx,previews/dusk/dusk-logo-cloud-2.png,https://oss.tailark.com/r/dusk-logo-cloud-2.json
block,dusk,logo-cloud,dusk-logo-cloud-2,radix,registry/radix/oss/dusk-logo-cloud-2.json,source/radix/oss/dusk/blocks/logo-cloud/two.tsx,previews/dusk/dusk-logo-cloud-2.png,https://oss.tailark.com/r/radix/dusk-logo-cloud-2.json
block,dusk,logo-cloud,dusk-logo-cloud-3,base,registry/base/oss/dusk-logo-cloud-3.json,source/base/oss/dusk/blocks/logo-cloud/three.tsx,previews/dusk/dusk-logo-cloud-3.png,https://oss.tailark.com/r/dusk-logo-cloud-3.json
block,dusk,logo-cloud,dusk-logo-cloud-3,radix,registry/radix/oss/dusk-logo-cloud-3.json,source/radix/oss/dusk/blocks/logo-cloud/three.tsx,previews/dusk/dusk-logo-cloud-3.png,https://oss.tailark.com/r/radix/dusk-logo-cloud-3.json
block,dusk,logo-cloud,dusk-logo-cloud-4,base,registry/base/oss/dusk-logo-cloud-4.json,source/base/oss/dusk/blocks/logo-cloud/four.tsx,previews/dusk/dusk-logo-cloud-4.png,https://oss.tailark.com/r/dusk-logo-cloud-4.json
block,dusk,logo-cloud,dusk-logo-cloud-4,radix,registry/radix/oss/dusk-logo-cloud-4.json,source/radix/oss/dusk/blocks/logo-cloud/four.tsx,previews/dusk/dusk-logo-cloud-4.png,https://oss.tailark.com/r/radix/dusk-logo-cloud-4.json
block,dusk,pricing,dusk-pricing-1,base,registry/base/oss/dusk-pricing-1.json,source/base/oss/dusk/blocks/pricing/one.tsx,previews/dusk/dusk-pricing-1.png,https://oss.tailark.com/r/dusk-pricing-1.json
block,dusk,pricing,dusk-pricing-1,radix,registry/radix/oss/dusk-pricing-1.json,source/radix/oss/dusk/blocks/pricing/one.tsx,previews/dusk/dusk-pricing-1.png,https://oss.tailark.com/r/radix/dusk-pricing-1.json
block,dusk,pricing,dusk-pricing-2,base,registry/base/oss/dusk-pricing-2.json,source/base/oss/dusk/blocks/pricing/two.tsx,previews/dusk/dusk-pricing-2.png,https://oss.tailark.com/r/dusk-pricing-2.json
block,dusk,pricing,dusk-pricing-2,radix,registry/radix/oss/dusk-pricing-2.json,source/radix/oss/dusk/blocks/pricing/two.tsx,previews/dusk/dusk-pricing-2.png,https://oss.tailark.com/r/radix/dusk-pricing-2.json
block,dusk,stats,dusk-stats-1,base,registry/base/oss/dusk-stats-1.json,source/base/oss/dusk/blocks/stats/one.tsx,previews/dusk/dusk-stats-1.png,https://oss.tailark.com/r/dusk-stats-1.json
block,dusk,stats,dusk-stats-1,radix,registry/radix/oss/dusk-stats-1.json,source/radix/oss/dusk/blocks/stats/one.tsx,previews/dusk/dusk-stats-1.png,https://oss.tailark.com/r/radix/dusk-stats-1.json
block,dusk,stats,dusk-stats-2,base,registry/base/oss/dusk-stats-2.json,source/base/oss/dusk/blocks/stats/two.tsx,previews/dusk/dusk-stats-2.png,https://oss.tailark.com/r/dusk-stats-2.json
block,dusk,stats,dusk-stats-2,radix,registry/radix/oss/dusk-stats-2.json,source/radix/oss/dusk/blocks/stats/two.tsx,previews/dusk/dusk-stats-2.png,https://oss.tailark.com/r/radix/dusk-stats-2.json
block,dusk,team,dusk-team-1,base,registry/base/oss/dusk-team-1.json,source/base/oss/dusk/blocks/team/one.tsx,previews/dusk/dusk-team-1.png,https://oss.tailark.com/r/dusk-team-1.json
block,dusk,team,dusk-team-1,radix,registry/radix/oss/dusk-team-1.json,source/radix/oss/dusk/blocks/team/one.tsx,previews/dusk/dusk-team-1.png,https://oss.tailark.com/r/radix/dusk-team-1.json
block,dusk,team,dusk-team-2,base,registry/base/oss/dusk-team-2.json,source/base/oss/dusk/blocks/team/two.tsx,previews/dusk/dusk-team-2.png,https://oss.tailark.com/r/dusk-team-2.json
block,dusk,team,dusk-team-2,radix,registry/radix/oss/dusk-team-2.json,source/radix/oss/dusk/blocks/team/two.tsx,previews/dusk/dusk-team-2.png,https://oss.tailark.com/r/radix/dusk-team-2.json
block,dusk,testimonials,dusk-testimonials-1,base,registry/base/oss/dusk-testimonials-1.json,source/base/oss/dusk/blocks/testimonials/one.tsx,previews/dusk/dusk-testimonials-1.png,https://oss.tailark.com/r/dusk-testimonials-1.json
block,dusk,testimonials,dusk-testimonials-1,radix,registry/radix/oss/dusk-testimonials-1.json,source/radix/oss/dusk/blocks/testimonials/one.tsx,previews/dusk/dusk-testimonials-1.png,https://oss.tailark.com/r/radix/dusk-testimonials-1.json
block,dusk,testimonials,dusk-testimonials-2,base,registry/base/oss/dusk-testimonials-2.json,source/base/oss/dusk/blocks/testimonials/two.tsx,previews/dusk/dusk-testimonials-2.png,https://oss.tailark.com/r/dusk-testimonials-2.json
block,dusk,testimonials,dusk-testimonials-2,radix,registry/radix/oss/dusk-testimonials-2.json,source/radix/oss/dusk/blocks/testimonials/two.tsx,previews/dusk/dusk-testimonials-2.png,https://oss.tailark.com/r/radix/dusk-testimonials-2.json
block,quartz,expandable-features,expandable-features-1,base,registry/base/pro/expandable-features-1.json,source/base/pro/blocks/expandable-features/one/index.tsx;source/base/pro/blocks/expandable-features/one/illustrations/map.tsx;source/base/pro/blocks/expandable-features/one/illustrations/models-4.tsx,previews/quartz/expandable-features-1.png,https://tailark.com/r/expandable-features-1.json
block,quartz,expandable-features,expandable-features-1,radix,registry/radix/pro/expandable-features-1.json,source/radix/pro/blocks/expandable-features/one/index.tsx;source/radix/pro/blocks/expandable-features/one/illustrations/map.tsx;source/radix/pro/blocks/expandable-features/one/illustrations/models-4.tsx,previews/quartz/expandable-features-1.png,https://tailark.com/r/radix/expandable-features-1.json
block,quartz,expandable-features,expandable-features-10,base,registry/base/pro/expandable-features-10.json,source/base/pro/blocks/expandable-features/ten/index.tsx;source/base/pro/blocks/expandable-features/ten/illustrations/server.tsx,previews/quartz/expandable-features-10.png,https://tailark.com/r/expandable-features-10.json
block,quartz,expandable-features,expandable-features-10,radix,registry/radix/pro/expandable-features-10.json,source/radix/pro/blocks/expandable-features/ten/index.tsx;source/radix/pro/blocks/expandable-features/ten/illustrations/server.tsx,previews/quartz/expandable-features-10.png,https://tailark.com/r/radix/expandable-features-10.json
block,quartz,expandable-features,expandable-features-11,base,registry/base/pro/expandable-features-11.json,source/base/pro/blocks/expandable-features/eleven/index.tsx;source/base/pro/blocks/expandable-features/eleven/illustrations/ai-search.tsx;source/base/pro/blocks/expandable-features/eleven/illustrations/flow.tsx;source/base/pro/blocks/expandable-features/eleven/illustrations/kanban.tsx,previews/quartz/expandable-features-11.png,https://tailark.com/r/expandable-features-11.json
block,quartz,expandable-features,expandable-features-11,radix,registry/radix/pro/expandable-features-11.json,source/radix/pro/blocks/expandable-features/eleven/index.tsx;source/radix/pro/blocks/expandable-features/eleven/illustrations/ai-search.tsx;source/radix/pro/blocks/expandable-features/eleven/illustrations/flow.tsx;source/radix/pro/blocks/expandable-features/eleven/illustrations/kanban.tsx,previews/quartz/expandable-features-11.png,https://tailark.com/r/radix/expandable-features-11.json
block,quartz,expandable-features,expandable-features-12,base,registry/base/pro/expandable-features-12.json,source/base/pro/blocks/expandable-features/twelve/index.tsx;source/base/pro/blocks/expandable-features/twelve/illustrations/ai-search.tsx;source/base/pro/blocks/expandable-features/twelve/illustrations/collaboration-comment.tsx;source/base/pro/blocks/expandable-features/twelve/illustrations/models-3.tsx,previews/quartz/expandable-features-12.png,https://tailark.com/r/expandable-features-12.json
block,quartz,expandable-features,expandable-features-12,radix,registry/radix/pro/expandable-features-12.json,source/radix/pro/blocks/expandable-features/twelve/index.tsx;source/radix/pro/blocks/expandable-features/twelve/illustrations/ai-search.tsx;source/radix/pro/blocks/expandable-features/twelve/illustrations/collaboration-comment.tsx;source/radix/pro/blocks/expandable-features/twelve/illustrations/models-3.tsx,previews/quartz/expandable-features-12.png,https://tailark.com/r/radix/expandable-features-12.json
block,quartz,expandable-features,expandable-features-13,base,registry/base/pro/expandable-features-13.json,source/base/pro/blocks/expandable-features/thirteen/index.tsx;source/base/pro/blocks/expandable-features/thirteen/illustrations/agent-task-planning.tsx;source/base/pro/blocks/expandable-features/thirteen/illustrations/calendar-6.tsx;source/base/pro/blocks/expandable-features/thirteen/illustrations/notes-2.tsx,previews/quartz/expandable-features-13.png,https://tailark.com/r/expandable-features-13.json
block,quartz,expandable-features,expandable-features-13,radix,registry/radix/pro/expandable-features-13.json,source/radix/pro/blocks/expandable-features/thirteen/index.tsx;source/radix/pro/blocks/expandable-features/thirteen/illustrations/agent-task-planning.tsx;source/radix/pro/blocks/expandable-features/thirteen/illustrations/calendar-6.tsx;source/radix/pro/blocks/expandable-features/thirteen/illustrations/notes-2.tsx,previews/quartz/expandable-features-13.png,https://tailark.com/r/radix/expandable-features-13.json
block,quartz,expandable-features,expandable-features-14,base,registry/base/pro/expandable-features-14.json,source/base/pro/blocks/expandable-features/fourteen/index.tsx;source/base/pro/blocks/expandable-features/fourteen/illustrations/campaign.tsx;source/base/pro/blocks/expandable-features/fourteen/illustrations/collaboration.tsx;source/base/pro/blocks/expandable-features/fourteen/illustrations/notes-2.tsx,previews/quartz/expandable-features-14.png,https://tailark.com/r/expandable-features-14.json
block,quartz,expandable-features,expandable-features-14,radix,registry/radix/pro/expandable-features-14.json,source/radix/pro/blocks/expandable-features/fourteen/index.tsx;source/radix/pro/blocks/expandable-features/fourteen/illustrations/campaign.tsx;source/radix/pro/blocks/expandable-features/fourteen/illustrations/collaboration.tsx;source/radix/pro/blocks/expandable-features/fourteen/illustrations/notes-2.tsx,previews/quartz/expandable-features-14.png,https://tailark.com/r/radix/expandable-features-14.json
block,quartz,expandable-features,expandable-features-15,base,registry/base/pro/expandable-features-15.json,source/base/pro/blocks/expandable-features/fifteen/index.tsx;source/base/pro/blocks/expandable-features/fifteen/illustrations/campaign.tsx;source/base/pro/blocks/expandable-features/fifteen/illustrations/collaboration.tsx;source/base/pro/blocks/expandable-features/fifteen/illustrations/notes-2.tsx,previews/quartz/expandable-features-15.png,https://tailark.com/r/expandable-features-15.json
block,quartz,expandable-features,expandable-features-15,radix,registry/radix/pro/expandable-features-15.json,source/radix/pro/blocks/expandable-features/fifteen/index.tsx;source/radix/pro/blocks/expandable-features/fifteen/illustrations/campaign.tsx;source/radix/pro/blocks/expandable-features/fifteen/illustrations/collaboration.tsx;source/radix/pro/blocks/expandable-features/fifteen/illustrations/notes-2.tsx,previews/quartz/expandable-features-15.png,https://tailark.com/r/radix/expandable-features-15.json
block,quartz,expandable-features,expandable-features-16,base,registry/base/pro/expandable-features-16.json,source/base/pro/blocks/expandable-features/sixteen/index.tsx;source/base/pro/blocks/expandable-features/sixteen/illustrations/campaign.tsx;source/base/pro/blocks/expandable-features/sixteen/illustrations/collaboration.tsx;source/base/pro/blocks/expandable-features/sixteen/illustrations/notes-2.tsx,previews/quartz/expandable-features-16.png,https://tailark.com/r/expandable-features-16.json
block,quartz,expandable-features,expandable-features-16,radix,registry/radix/pro/expandable-features-16.json,source/radix/pro/blocks/expandable-features/sixteen/index.tsx;source/radix/pro/blocks/expandable-features/sixteen/illustrations/campaign.tsx;source/radix/pro/blocks/expandable-features/sixteen/illustrations/collaboration.tsx;source/radix/pro/blocks/expandable-features/sixteen/illustrations/notes-2.tsx,previews/quartz/expandable-features-16.png,https://tailark.com/r/radix/expandable-features-16.json
block,quartz,expandable-features,expandable-features-17,base,registry/base/pro/expandable-features-17.json,source/base/pro/blocks/expandable-features/seventeen/index.tsx;source/base/pro/blocks/expandable-features/seventeen/illustrations/agent-feedback.tsx;source/base/pro/blocks/expandable-features/seventeen/illustrations/email.tsx,previews/quartz/expandable-features-17.png,https://tailark.com/r/expandable-features-17.json
block,quartz,expandable-features,expandable-features-17,radix,registry/radix/pro/expandable-features-17.json,source/radix/pro/blocks/expandable-features/seventeen/index.tsx;source/radix/pro/blocks/expandable-features/seventeen/illustrations/agent-feedback.tsx;source/radix/pro/blocks/expandable-features/seventeen/illustrations/email.tsx,previews/quartz/expandable-features-17.png,https://tailark.com/r/radix/expandable-features-17.json
block,quartz,expandable-features,expandable-features-18,base,registry/base/pro/expandable-features-18.json,source/base/pro/blocks/expandable-features/eighteen/index.tsx;source/base/pro/blocks/expandable-features/eighteen/illustrations/agent-feedback.tsx;source/base/pro/blocks/expandable-features/eighteen/illustrations/agent-task-planning.tsx;source/base/pro/blocks/expandable-features/eighteen/illustrations/email.tsx,previews/quartz/expandable-features-18.png,https://tailark.com/r/expandable-features-18.json
block,quartz,expandable-features,expandable-features-18,radix,registry/radix/pro/expandable-features-18.json,source/radix/pro/blocks/expandable-features/eighteen/index.tsx;source/radix/pro/blocks/expandable-features/eighteen/illustrations/agent-feedback.tsx;source/radix/pro/blocks/expandable-features/eighteen/illustrations/agent-task-planning.tsx;source/radix/pro/blocks/expandable-features/eighteen/illustrations/email.tsx,previews/quartz/expandable-features-18.png,https://tailark.com/r/radix/expandable-features-18.json
block,quartz,expandable-features,expandable-features-19,base,registry/base/pro/expandable-features-19.json,source/base/pro/blocks/expandable-features/nineteen/index.tsx;source/base/pro/blocks/expandable-features/nineteen/illustrations/agent-task-planning.tsx;source/base/pro/blocks/expandable-features/nineteen/illustrations/calendar-10.tsx;source/base/pro/blocks/expandable-features/nineteen/illustrations/notes-2.tsx,previews/quartz/expandable-features-19.png,https://tailark.com/r/expandable-features-19.json
block,quartz,expandable-features,expandable-features-19,radix,registry/radix/pro/expandable-features-19.json,source/radix/pro/blocks/expandable-features/nineteen/index.tsx;source/radix/pro/blocks/expandable-features/nineteen/illustrations/agent-task-planning.tsx;source/radix/pro/blocks/expandable-features/nineteen/illustrations/calendar-10.tsx;source/radix/pro/blocks/expandable-features/nineteen/illustrations/notes-2.tsx,previews/quartz/expandable-features-19.png,https://tailark.com/r/radix/expandable-features-19.json
block,quartz,expandable-features,expandable-features-2,base,registry/base/pro/expandable-features-2.json,source/base/pro/blocks/expandable-features/two/index.tsx;source/base/pro/blocks/expandable-features/two/illustrations/flow-5.tsx;source/base/pro/blocks/expandable-features/two/illustrations/map.tsx;source/base/pro/blocks/expandable-features/two/illustrations/models-3.tsx;source/base/pro/blocks/expandable-features/two/illustrations/models-4.tsx,previews/quartz/expandable-features-2.png,https://tailark.com/r/expandable-features-2.json
block,quartz,expandable-features,expandable-features-2,radix,registry/radix/pro/expandable-features-2.json,source/radix/pro/blocks/expandable-features/two/index.tsx;source/radix/pro/blocks/expandable-features/two/illustrations/flow-5.tsx;source/radix/pro/blocks/expandable-features/two/illustrations/map.tsx;source/radix/pro/blocks/expandable-features/two/illustrations/models-3.tsx;source/radix/pro/blocks/expandable-features/two/illustrations/models-4.tsx,previews/quartz/expandable-features-2.png,https://tailark.com/r/radix/expandable-features-2.json
block,quartz,expandable-features,expandable-features-20,base,registry/base/pro/expandable-features-20.json,source/base/pro/blocks/expandable-features/twenty/index.tsx;source/base/pro/blocks/expandable-features/twenty/illustrations/email.tsx;source/base/pro/blocks/expandable-features/twenty/illustrations/kanban-3.tsx,previews/quartz/expandable-features-20.png,https://tailark.com/r/expandable-features-20.json
block,quartz,expandable-features,expandable-features-20,radix,registry/radix/pro/expandable-features-20.json,source/radix/pro/blocks/expandable-features/twenty/index.tsx;source/radix/pro/blocks/expandable-features/twenty/illustrations/email.tsx;source/radix/pro/blocks/expandable-features/twenty/illustrations/kanban-3.tsx,previews/quartz/expandable-features-20.png,https://tailark.com/r/radix/expandable-features-20.json
block,quartz,expandable-features,expandable-features-21,base,registry/base/pro/expandable-features-21.json,source/base/pro/blocks/expandable-features/twenty-one/index.tsx;source/base/pro/blocks/expandable-features/twenty-one/illustrations/agent-feedback.tsx;source/base/pro/blocks/expandable-features/twenty-one/illustrations/email.tsx,previews/quartz/expandable-features-21.png,https://tailark.com/r/expandable-features-21.json
block,quartz,expandable-features,expandable-features-21,radix,registry/radix/pro/expandable-features-21.json,source/radix/pro/blocks/expandable-features/twenty-one/index.tsx;source/radix/pro/blocks/expandable-features/twenty-one/illustrations/agent-feedback.tsx;source/radix/pro/blocks/expandable-features/twenty-one/illustrations/email.tsx,previews/quartz/expandable-features-21.png,https://tailark.com/r/radix/expandable-features-21.json
block,quartz,expandable-features,expandable-features-22,base,registry/base/pro/expandable-features-22.json,source/base/pro/blocks/expandable-features/twenty-two/index.tsx;source/base/pro/blocks/expandable-features/twenty-two/illustrations/campaign.tsx;source/base/pro/blocks/expandable-features/twenty-two/illustrations/collaboration.tsx;source/base/pro/blocks/expandable-features/twenty-two/illustrations/notes-2.tsx,previews/quartz/expandable-features-22.png,https://tailark.com/r/expandable-features-22.json
block,quartz,expandable-features,expandable-features-22,radix,registry/radix/pro/expandable-features-22.json,source/radix/pro/blocks/expandable-features/twenty-two/index.tsx;source/radix/pro/blocks/expandable-features/twenty-two/illustrations/campaign.tsx;source/radix/pro/blocks/expandable-features/twenty-two/illustrations/collaboration.tsx;source/radix/pro/blocks/expandable-features/twenty-two/illustrations/notes-2.tsx,previews/quartz/expandable-features-22.png,https://tailark.com/r/radix/expandable-features-22.json
block,quartz,expandable-features,expandable-features-3,base,registry/base/pro/expandable-features-3.json,source/base/pro/blocks/expandable-features/three/index.tsx;source/base/pro/blocks/expandable-features/three/illustrations/map.tsx;source/base/pro/blocks/expandable-features/three/illustrations/models-4.tsx;source/base/pro/blocks/expandable-features/three/illustrations/workflow.tsx,previews/quartz/expandable-features-3.png,https://tailark.com/r/expandable-features-3.json
block,quartz,expandable-features,expandable-features-3,radix,registry/radix/pro/expandable-features-3.json,source/radix/pro/blocks/expandable-features/three/index.tsx;source/radix/pro/blocks/expandable-features/three/illustrations/map.tsx;source/radix/pro/blocks/expandable-features/three/illustrations/models-4.tsx;source/radix/pro/blocks/expandable-features/three/illustrations/workflow.tsx,previews/quartz/expandable-features-3.png,https://tailark.com/r/radix/expandable-features-3.json
block,quartz,expandable-features,expandable-features-4,base,registry/base/pro/expandable-features-4.json,source/base/pro/blocks/expandable-features/four/index.tsx;source/base/pro/blocks/expandable-features/four/illustrations/agent-task-planning.tsx;source/base/pro/blocks/expandable-features/four/illustrations/calendar-10.tsx;source/base/pro/blocks/expandable-features/four/illustrations/notes-2.tsx,previews/quartz/expandable-features-4.png,https://tailark.com/r/expandable-features-4.json
block,quartz,expandable-features,expandable-features-4,radix,registry/radix/pro/expandable-features-4.json,source/radix/pro/blocks/expandable-features/four/index.tsx;source/radix/pro/blocks/expandable-features/four/illustrations/agent-task-planning.tsx;source/radix/pro/blocks/expandable-features/four/illustrations/calendar-10.tsx;source/radix/pro/blocks/expandable-features/four/illustrations/notes-2.tsx,previews/quartz/expandable-features-4.png,https://tailark.com/r/radix/expandable-features-4.json
block,quartz,expandable-features,expandable-features-5,base,registry/base/pro/expandable-features-5.json,source/base/pro/blocks/expandable-features/five/index.tsx;source/base/pro/blocks/expandable-features/five/illustrations/agent-task-planning.tsx;source/base/pro/blocks/expandable-features/five/illustrations/calendar-10.tsx;source/base/pro/blocks/expandable-features/five/illustrations/notes-2.tsx,previews/quartz/expandable-features-5.png,https://tailark.com/r/expandable-features-5.json
block,quartz,expandable-features,expandable-features-5,radix,registry/radix/pro/expandable-features-5.json,source/radix/pro/blocks/expandable-features/five/index.tsx;source/radix/pro/blocks/expandable-features/five/illustrations/agent-task-planning.tsx;source/radix/pro/blocks/expandable-features/five/illustrations/calendar-10.tsx;source/radix/pro/blocks/expandable-features/five/illustrations/notes-2.tsx,previews/quartz/expandable-features-5.png,https://tailark.com/r/radix/expandable-features-5.json
block,quartz,expandable-features,expandable-features-6,base,registry/base/pro/expandable-features-6.json,source/base/pro/blocks/expandable-features/six/index.tsx;source/base/pro/blocks/expandable-features/six/illustrations/agent-task-planning.tsx;source/base/pro/blocks/expandable-features/six/illustrations/calendar-10.tsx;source/base/pro/blocks/expandable-features/six/illustrations/notes-2.tsx,previews/quartz/expandable-features-6.png,https://tailark.com/r/expandable-features-6.json
block,quartz,expandable-features,expandable-features-6,radix,registry/radix/pro/expandable-features-6.json,source/radix/pro/blocks/expandable-features/six/index.tsx;source/radix/pro/blocks/expandable-features/six/illustrations/agent-task-planning.tsx;source/radix/pro/blocks/expandable-features/six/illustrations/calendar-10.tsx;source/radix/pro/blocks/expandable-features/six/illustrations/notes-2.tsx,previews/quartz/expandable-features-6.png,https://tailark.com/r/radix/expandable-features-6.json
block,quartz,expandable-features,expandable-features-7,base,registry/base/pro/expandable-features-7.json,source/base/pro/blocks/expandable-features/seven/index.tsx;source/base/pro/blocks/expandable-features/seven/illustrations/agent-feedback.tsx;source/base/pro/blocks/expandable-features/seven/illustrations/email.tsx,previews/quartz/expandable-features-7.png,https://tailark.com/r/expandable-features-7.json
block,quartz,expandable-features,expandable-features-7,radix,registry/radix/pro/expandable-features-7.json,source/radix/pro/blocks/expandable-features/seven/index.tsx;source/radix/pro/blocks/expandable-features/seven/illustrations/agent-feedback.tsx;source/radix/pro/blocks/expandable-features/seven/illustrations/email.tsx,previews/quartz/expandable-features-7.png,https://tailark.com/r/radix/expandable-features-7.json
block,quartz,expandable-features,expandable-features-8,base,registry/base/pro/expandable-features-8.json,source/base/pro/blocks/expandable-features/eight/index.tsx;source/base/pro/blocks/expandable-features/eight/illustrations/agent-feedback.tsx;source/base/pro/blocks/expandable-features/eight/illustrations/agent-task-planning.tsx;source/base/pro/blocks/expandable-features/eight/illustrations/email.tsx,previews/quartz/expandable-features-8.png,https://tailark.com/r/expandable-features-8.json
block,quartz,expandable-features,expandable-features-8,radix,registry/radix/pro/expandable-features-8.json,source/radix/pro/blocks/expandable-features/eight/index.tsx;source/radix/pro/blocks/expandable-features/eight/illustrations/agent-feedback.tsx;source/radix/pro/blocks/expandable-features/eight/illustrations/agent-task-planning.tsx;source/radix/pro/blocks/expandable-features/eight/illustrations/email.tsx,previews/quartz/expandable-features-8.png,https://tailark.com/r/radix/expandable-features-8.json
block,quartz,expandable-features,expandable-features-9,base,registry/base/pro/expandable-features-9.json,source/base/pro/blocks/expandable-features/nine/index.tsx;source/base/pro/blocks/expandable-features/nine/illustrations/scene.tsx,previews/quartz/expandable-features-9.png,https://tailark.com/r/expandable-features-9.json
block,quartz,expandable-features,expandable-features-9,radix,registry/radix/pro/expandable-features-9.json,source/radix/pro/blocks/expandable-features/nine/index.tsx;source/radix/pro/blocks/expandable-features/nine/illustrations/scene.tsx,previews/quartz/expandable-features-9.png,https://tailark.com/r/radix/expandable-features-9.json
block,quartz,faqs,faqs-1,base,registry/base/pro/faqs-1.json,source/base/pro/blocks/faqs/one/index.tsx,previews/quartz/faqs-1.png,https://tailark.com/r/faqs-1.json
block,quartz,faqs,faqs-1,radix,registry/radix/pro/faqs-1.json,source/radix/pro/blocks/faqs/one/index.tsx,previews/quartz/faqs-1.png,https://tailark.com/r/radix/faqs-1.json
block,quartz,faqs,faqs-2,base,registry/base/pro/faqs-2.json,source/base/pro/blocks/faqs/two/index.tsx,previews/quartz/faqs-2.png,https://tailark.com/r/faqs-2.json
block,quartz,faqs,faqs-2,radix,registry/radix/pro/faqs-2.json,source/radix/pro/blocks/faqs/two/index.tsx,previews/quartz/faqs-2.png,https://tailark.com/r/radix/faqs-2.json
block,quartz,faqs,faqs-3,base,registry/base/pro/faqs-3.json,source/base/pro/blocks/faqs/three/index.tsx,previews/quartz/faqs-3.png,https://tailark.com/r/faqs-3.json
block,quartz,faqs,faqs-3,radix,registry/radix/pro/faqs-3.json,source/radix/pro/blocks/faqs/three/index.tsx,previews/quartz/faqs-3.png,https://tailark.com/r/radix/faqs-3.json
block,quartz,faqs,faqs-4,base,registry/base/pro/faqs-4.json,source/base/pro/blocks/faqs/four/index.tsx,previews/quartz/faqs-4.png,https://tailark.com/r/faqs-4.json
block,quartz,faqs,faqs-4,radix,registry/radix/pro/faqs-4.json,source/radix/pro/blocks/faqs/four/index.tsx,previews/quartz/faqs-4.png,https://tailark.com/r/radix/faqs-4.json
block,quartz,faqs,faqs-5,base,registry/base/pro/faqs-5.json,source/base/pro/blocks/faqs/five/index.tsx,previews/quartz/faqs-5.png,https://tailark.com/r/faqs-5.json
block,quartz,faqs,faqs-5,radix,registry/radix/pro/faqs-5.json,source/radix/pro/blocks/faqs/five/index.tsx,previews/quartz/faqs-5.png,https://tailark.com/r/radix/faqs-5.json
block,quartz,features,features-1,base,registry/base/pro/features-1.json,source/base/pro/blocks/features/one/index.tsx;source/base/pro/blocks/features/one/illustrations/chart.tsx;source/base/pro/blocks/features/one/illustrations/document.tsx;source/base/pro/blocks/features/one/illustrations/invoice.tsx,previews/quartz/features-1.png,https://tailark.com/r/features-1.json
block,quartz,features,features-1,radix,registry/radix/pro/features-1.json,source/radix/pro/blocks/features/one/index.tsx;source/radix/pro/blocks/features/one/illustrations/chart.tsx;source/radix/pro/blocks/features/one/illustrations/document.tsx;source/radix/pro/blocks/features/one/illustrations/invoice.tsx,previews/quartz/features-1.png,https://tailark.com/r/radix/features-1.json
block,quartz,features,features-10,base,registry/base/pro/features-10.json,source/base/pro/blocks/features/ten/index.tsx;source/base/pro/blocks/features/ten/illustrations/dropdown.tsx,previews/quartz/features-10.png,https://tailark.com/r/features-10.json
block,quartz,features,features-10,radix,registry/radix/pro/features-10.json,source/radix/pro/blocks/features/ten/index.tsx;source/radix/pro/blocks/features/ten/illustrations/dropdown.tsx,previews/quartz/features-10.png,https://tailark.com/r/radix/features-10.json
block,quartz,features,features-11,base,registry/base/pro/features-11.json,source/base/pro/blocks/features/eleven/index.tsx;source/base/pro/blocks/features/eleven/illustrations/document.tsx;source/base/pro/blocks/features/eleven/illustrations/integrations.tsx;source/base/pro/blocks/features/eleven/illustrations/invoice.tsx,previews/quartz/features-11.png,https://tailark.com/r/features-11.json
block,quartz,features,features-11,radix,registry/radix/pro/features-11.json,source/radix/pro/blocks/features/eleven/index.tsx;source/radix/pro/blocks/features/eleven/illustrations/document.tsx;source/radix/pro/blocks/features/eleven/illustrations/integrations.tsx;source/radix/pro/blocks/features/eleven/illustrations/invoice.tsx,previews/quartz/features-11.png,https://tailark.com/r/radix/features-11.json
block,quartz,features,features-12,base,registry/base/pro/features-12.json,source/base/pro/blocks/features/twelve/index.tsx;source/base/pro/blocks/features/twelve/illustrations/document.tsx;source/base/pro/blocks/features/twelve/illustrations/integrations.tsx;source/base/pro/blocks/features/twelve/illustrations/invoice.tsx,previews/quartz/features-12.png,https://tailark.com/r/features-12.json
block,quartz,features,features-12,radix,registry/radix/pro/features-12.json,source/radix/pro/blocks/features/twelve/index.tsx;source/radix/pro/blocks/features/twelve/illustrations/document.tsx;source/radix/pro/blocks/features/twelve/illustrations/integrations.tsx;source/radix/pro/blocks/features/twelve/illustrations/invoice.tsx,previews/quartz/features-12.png,https://tailark.com/r/radix/features-12.json
block,quartz,features,features-13,base,registry/base/pro/features-13.json,source/base/pro/blocks/features/thirteen/index.tsx;source/base/pro/blocks/features/thirteen/map.tsx;source/base/pro/blocks/features/thirteen/illustrations/const.ts;source/base/pro/blocks/features/thirteen/illustrations/document.tsx;source/base/pro/blocks/features/thirteen/illustrations/integrations.tsx;source/base/pro/blocks/features/thirteen/illustrations/invoice.tsx;source/base/pro/blocks/features/thirteen/illustrations/map.tsx;source/base/pro/blocks/features/thirteen/illustrations/visualization.tsx,previews/quartz/features-13.png,https://tailark.com/r/features-13.json
block,quartz,features,features-13,radix,registry/radix/pro/features-13.json,source/radix/pro/blocks/features/thirteen/index.tsx;source/radix/pro/blocks/features/thirteen/map.tsx;source/radix/pro/blocks/features/thirteen/illustrations/const.ts;source/radix/pro/blocks/features/thirteen/illustrations/document.tsx;source/radix/pro/blocks/features/thirteen/illustrations/integrations.tsx;source/radix/pro/blocks/features/thirteen/illustrations/invoice.tsx;source/radix/pro/blocks/features/thirteen/illustrations/map.tsx;source/radix/pro/blocks/features/thirteen/illustrations/visualization.tsx,previews/quartz/features-13.png,https://tailark.com/r/radix/features-13.json
block,quartz,features,features-14,base,registry/base/pro/features-14.json,source/base/pro/blocks/features/fourteen/index.tsx;source/base/pro/blocks/features/fourteen/illustrations/dropdown.tsx,previews/quartz/features-14.png,https://tailark.com/r/features-14.json
block,quartz,features,features-14,radix,registry/radix/pro/features-14.json,source/radix/pro/blocks/features/fourteen/index.tsx;source/radix/pro/blocks/features/fourteen/illustrations/dropdown.tsx,previews/quartz/features-14.png,https://tailark.com/r/radix/features-14.json
block,quartz,features,features-2,base,registry/base/pro/features-2.json,source/base/pro/blocks/features/two/index.tsx;source/base/pro/blocks/features/two/illustrations/integrations.tsx;source/base/pro/blocks/features/two/illustrations/message.tsx,previews/quartz/features-2.png,https://tailark.com/r/features-2.json
block,quartz,features,features-2,radix,registry/radix/pro/features-2.json,source/radix/pro/blocks/features/two/index.tsx;source/radix/pro/blocks/features/two/illustrations/integrations.tsx;source/radix/pro/blocks/features/two/illustrations/message.tsx,previews/quartz/features-2.png,https://tailark.com/r/radix/features-2.json
block,quartz,features,features-3,base,registry/base/pro/features-3.json,source/base/pro/blocks/features/three/index.tsx;source/base/pro/blocks/features/three/illustrations/message.tsx;source/base/pro/blocks/features/three/illustrations/poll.tsx;source/base/pro/blocks/features/three/illustrations/uptime.tsx,previews/quartz/features-3.png,https://tailark.com/r/features-3.json
block,quartz,features,features-3,radix,registry/radix/pro/features-3.json,source/radix/pro/blocks/features/three/index.tsx;source/radix/pro/blocks/features/three/illustrations/message.tsx;source/radix/pro/blocks/features/three/illustrations/poll.tsx;source/radix/pro/blocks/features/three/illustrations/uptime.tsx,previews/quartz/features-3.png,https://tailark.com/r/radix/features-3.json
block,quartz,features,features-4,base,registry/base/pro/features-4.json,source/base/pro/blocks/features/four/index.tsx;source/base/pro/blocks/features/four/illustrations/document.tsx;source/base/pro/blocks/features/four/illustrations/invoice.tsx;source/base/pro/blocks/features/four/illustrations/visualization.tsx,previews/quartz/features-4.png,https://tailark.com/r/features-4.json
block,quartz,features,features-4,radix,registry/radix/pro/features-4.json,source/radix/pro/blocks/features/four/index.tsx;source/radix/pro/blocks/features/four/illustrations/document.tsx;source/radix/pro/blocks/features/four/illustrations/invoice.tsx;source/radix/pro/blocks/features/four/illustrations/visualization.tsx,previews/quartz/features-4.png,https://tailark.com/r/radix/features-4.json
block,quartz,features,features-5,base,registry/base/pro/features-5.json,source/base/pro/blocks/features/five/index.tsx;source/base/pro/blocks/features/five/illustrations/document.tsx;source/base/pro/blocks/features/five/illustrations/invoice-signing.tsx;source/base/pro/blocks/features/five/illustrations/layout.tsx;source/base/pro/blocks/features/five/illustrations/table.tsx,previews/quartz/features-5.png,https://tailark.com/r/features-5.json
block,quartz,features,features-5,radix,registry/radix/pro/features-5.json,source/radix/pro/blocks/features/five/index.tsx;source/radix/pro/blocks/features/five/illustrations/document.tsx;source/radix/pro/blocks/features/five/illustrations/invoice-signing.tsx;source/radix/pro/blocks/features/five/illustrations/layout.tsx;source/radix/pro/blocks/features/five/illustrations/table.tsx,previews/quartz/features-5.png,https://tailark.com/r/radix/features-5.json
block,quartz,features,features-6,base,registry/base/pro/features-6.json,source/base/pro/blocks/features/six/index.tsx;source/base/pro/blocks/features/six/code-block.tsx;source/base/pro/blocks/features/six/illustrations/code-block.tsx,previews/quartz/features-6.png,https://tailark.com/r/features-6.json
block,quartz,features,features-6,radix,registry/radix/pro/features-6.json,source/radix/pro/blocks/features/six/index.tsx;source/radix/pro/blocks/features/six/code-block.tsx;source/radix/pro/blocks/features/six/illustrations/code-block.tsx,previews/quartz/features-6.png,https://tailark.com/r/radix/features-6.json
block,quartz,features,features-7,base,registry/base/pro/features-7.json,source/base/pro/blocks/features/seven/index.tsx;source/base/pro/blocks/features/seven/code-block.tsx;source/base/pro/blocks/features/seven/illustrations/code-block.tsx,previews/quartz/features-7.png,https://tailark.com/r/features-7.json
block,quartz,features,features-7,radix,registry/radix/pro/features-7.json,source/radix/pro/blocks/features/seven/index.tsx;source/radix/pro/blocks/features/seven/code-block.tsx;source/radix/pro/blocks/features/seven/illustrations/code-block.tsx,previews/quartz/features-7.png,https://tailark.com/r/radix/features-7.json
block,quartz,features,features-8,base,registry/base/pro/features-8.json,source/base/pro/blocks/features/eight/index.tsx;source/base/pro/blocks/features/eight/code-block.tsx;source/base/pro/blocks/features/eight/illustrations/code-block.tsx,previews/quartz/features-8.png,https://tailark.com/r/features-8.json
block,quartz,features,features-8,radix,registry/radix/pro/features-8.json,source/radix/pro/blocks/features/eight/index.tsx;source/radix/pro/blocks/features/eight/code-block.tsx;source/radix/pro/blocks/features/eight/illustrations/code-block.tsx,previews/quartz/features-8.png,https://tailark.com/r/radix/features-8.json
block,quartz,features,features-9,base,registry/base/pro/features-9.json,source/base/pro/blocks/features/nine/index.tsx;source/base/pro/blocks/features/nine/illustrations/message.tsx;source/base/pro/blocks/features/nine/illustrations/poll.tsx;source/base/pro/blocks/features/nine/illustrations/uptime.tsx,previews/quartz/features-9.png,https://tailark.com/r/features-9.json
block,quartz,features,features-9,radix,registry/radix/pro/features-9.json,source/radix/pro/blocks/features/nine/index.tsx;source/radix/pro/blocks/features/nine/illustrations/message.tsx;source/radix/pro/blocks/features/nine/illustrations/poll.tsx;source/radix/pro/blocks/features/nine/illustrations/uptime.tsx,previews/quartz/features-9.png,https://tailark.com/r/radix/features-9.json
block,quartz,features-carousel,features-carousel-1,base,registry/base/pro/features-carousel-1.json,source/base/pro/blocks/features-carousel/one/index.tsx;source/base/pro/blocks/features-carousel/one/illustrations/ai-autocomplete.tsx;source/base/pro/blocks/features-carousel/one/illustrations/email.tsx;source/base/pro/blocks/features-carousel/one/illustrations/notes-3.tsx;source/base/pro/blocks/features-carousel/one/illustrations/translation-interface.tsx,previews/quartz/features-carousel-1.png,https://tailark.com/r/features-carousel-1.json
block,quartz,features-carousel,features-carousel-1,radix,registry/radix/pro/features-carousel-1.json,source/radix/pro/blocks/features-carousel/one/index.tsx;source/radix/pro/blocks/features-carousel/one/illustrations/ai-autocomplete.tsx;source/radix/pro/blocks/features-carousel/one/illustrations/email.tsx;source/radix/pro/blocks/features-carousel/one/illustrations/notes-3.tsx;source/radix/pro/blocks/features-carousel/one/illustrations/translation-interface.tsx,previews/quartz/features-carousel-1.png,https://tailark.com/r/radix/features-carousel-1.json
block,quartz,features-carousel,features-carousel-2,base,registry/base/pro/features-carousel-2.json,source/base/pro/blocks/features-carousel/two/index.tsx;source/base/pro/blocks/features-carousel/two/illustrations/ai-autocomplete.tsx;source/base/pro/blocks/features-carousel/two/illustrations/notes-3.tsx;source/base/pro/blocks/features-carousel/two/illustrations/notes.tsx;source/base/pro/blocks/features-carousel/two/illustrations/translation-interface.tsx,previews/quartz/features-carousel-2.png,https://tailark.com/r/features-carousel-2.json
block,quartz,features-carousel,features-carousel-2,radix,registry/radix/pro/features-carousel-2.json,source/radix/pro/blocks/features-carousel/two/index.tsx;source/radix/pro/blocks/features-carousel/two/illustrations/ai-autocomplete.tsx;source/radix/pro/blocks/features-carousel/two/illustrations/notes-3.tsx;source/radix/pro/blocks/features-carousel/two/illustrations/notes.tsx;source/radix/pro/blocks/features-carousel/two/illustrations/translation-interface.tsx,previews/quartz/features-carousel-2.png,https://tailark.com/r/radix/features-carousel-2.json
block,quartz,features-carousel,features-carousel-3,base,registry/base/pro/features-carousel-3.json,source/base/pro/blocks/features-carousel/three/index.tsx;source/base/pro/blocks/features-carousel/three/illustrations/ai-autocomplete.tsx;source/base/pro/blocks/features-carousel/three/illustrations/models-3.tsx;source/base/pro/blocks/features-carousel/three/illustrations/notes-3.tsx;source/base/pro/blocks/features-carousel/three/illustrations/token-counter.tsx;source/base/pro/blocks/features-carousel/three/illustrations/translation-interface.tsx;source/base/pro/blocks/features-carousel/three/illustrations/workflow.tsx,previews/quartz/features-carousel-3.png,https://tailark.com/r/features-carousel-3.json
block,quartz,features-carousel,features-carousel-3,radix,registry/radix/pro/features-carousel-3.json,source/radix/pro/blocks/features-carousel/three/index.tsx;source/radix/pro/blocks/features-carousel/three/illustrations/ai-autocomplete.tsx;source/radix/pro/blocks/features-carousel/three/illustrations/models-3.tsx;source/radix/pro/blocks/features-carousel/three/illustrations/notes-3.tsx;source/radix/pro/blocks/features-carousel/three/illustrations/token-counter.tsx;source/radix/pro/blocks/features-carousel/three/illustrations/translation-interface.tsx;source/radix/pro/blocks/features-carousel/three/illustrations/workflow.tsx,previews/quartz/features-carousel-3.png,https://tailark.com/r/radix/features-carousel-3.json
block,quartz,features-carousel,features-carousel-4,base,registry/base/pro/features-carousel-4.json,source/base/pro/blocks/features-carousel/four/index.tsx;source/base/pro/blocks/features-carousel/four/illustrations/ai-autocomplete.tsx;source/base/pro/blocks/features-carousel/four/illustrations/models-3.tsx;source/base/pro/blocks/features-carousel/four/illustrations/notes-3.tsx;source/base/pro/blocks/features-carousel/four/illustrations/token-counter.tsx;source/base/pro/blocks/features-carousel/four/illustrations/translation-interface.tsx;source/base/pro/blocks/features-carousel/four/illustrations/workflow.tsx,previews/quartz/features-carousel-4.png,https://tailark.com/r/features-carousel-4.json
block,quartz,features-carousel,features-carousel-4,radix,registry/radix/pro/features-carousel-4.json,source/radix/pro/blocks/features-carousel/four/index.tsx;source/radix/pro/blocks/features-carousel/four/illustrations/ai-autocomplete.tsx;source/radix/pro/blocks/features-carousel/four/illustrations/models-3.tsx;source/radix/pro/blocks/features-carousel/four/illustrations/notes-3.tsx;source/radix/pro/blocks/features-carousel/four/illustrations/token-counter.tsx;source/radix/pro/blocks/features-carousel/four/illustrations/translation-interface.tsx;source/radix/pro/blocks/features-carousel/four/illustrations/workflow.tsx,previews/quartz/features-carousel-4.png,https://tailark.com/r/radix/features-carousel-4.json
block,quartz,features-carousel,features-carousel-5,base,registry/base/pro/features-carousel-5.json,source/base/pro/blocks/features-carousel/five/index.tsx;source/base/pro/blocks/features-carousel/five/illustrations/ai-autocomplete.tsx;source/base/pro/blocks/features-carousel/five/illustrations/flow-5.tsx;source/base/pro/blocks/features-carousel/five/illustrations/map.tsx;source/base/pro/blocks/features-carousel/five/illustrations/models-3.tsx;source/base/pro/blocks/features-carousel/five/illustrations/notes-3.tsx;source/base/pro/blocks/features-carousel/five/illustrations/workflow.tsx,previews/quartz/features-carousel-5.png,https://tailark.com/r/features-carousel-5.json
block,quartz,features-carousel,features-carousel-5,radix,registry/radix/pro/features-carousel-5.json,source/radix/pro/blocks/features-carousel/five/index.tsx;source/radix/pro/blocks/features-carousel/five/illustrations/ai-autocomplete.tsx;source/radix/pro/blocks/features-carousel/five/illustrations/flow-5.tsx;source/radix/pro/blocks/features-carousel/five/illustrations/map.tsx;source/radix/pro/blocks/features-carousel/five/illustrations/models-3.tsx;source/radix/pro/blocks/features-carousel/five/illustrations/notes-3.tsx;source/radix/pro/blocks/features-carousel/five/illustrations/workflow.tsx,previews/quartz/features-carousel-5.png,https://tailark.com/r/radix/features-carousel-5.json
block,quartz,footer,footer-1,base,registry/base/pro/footer-1.json,source/base/pro/blocks/footer/one/index.tsx,previews/quartz/footer-1.png,https://tailark.com/r/footer-1.json
block,quartz,footer,footer-1,radix,registry/radix/pro/footer-1.json,source/radix/pro/blocks/footer/one/index.tsx,previews/quartz/footer-1.png,https://tailark.com/r/radix/footer-1.json
block,quartz,footer,footer-2,base,registry/base/pro/footer-2.json,source/base/pro/blocks/footer/two/index.tsx,previews/quartz/footer-2.png,https://tailark.com/r/footer-2.json
block,quartz,footer,footer-2,radix,registry/radix/pro/footer-2.json,source/radix/pro/blocks/footer/two/index.tsx,previews/quartz/footer-2.png,https://tailark.com/r/radix/footer-2.json
block,quartz,footer,footer-3,base,registry/base/pro/footer-3.json,source/base/pro/blocks/footer/three/index.tsx,previews/quartz/footer-3.png,https://tailark.com/r/footer-3.json
block,quartz,footer,footer-3,radix,registry/radix/pro/footer-3.json,source/radix/pro/blocks/footer/three/index.tsx,previews/quartz/footer-3.png,https://tailark.com/r/radix/footer-3.json
block,quartz,footer,footer-4,base,registry/base/pro/footer-4.json,source/base/pro/blocks/footer/four/index.tsx,previews/quartz/footer-4.png,https://tailark.com/r/footer-4.json
block,quartz,footer,footer-4,radix,registry/radix/pro/footer-4.json,source/radix/pro/blocks/footer/four/index.tsx,previews/quartz/footer-4.png,https://tailark.com/r/radix/footer-4.json
block,quartz,footer,footer-5,base,registry/base/pro/footer-5.json,source/base/pro/blocks/footer/five/index.tsx,previews/quartz/footer-5.png,https://tailark.com/r/footer-5.json
block,quartz,footer,footer-5,radix,registry/radix/pro/footer-5.json,source/radix/pro/blocks/footer/five/index.tsx,previews/quartz/footer-5.png,https://tailark.com/r/radix/footer-5.json
block,quartz,forgot-password,forgot-password-1,base,registry/base/pro/forgot-password-1.json,source/base/pro/blocks/forgot-password/one/index.tsx,previews/quartz/forgot-password-1.png,https://tailark.com/r/forgot-password-1.json
block,quartz,forgot-password,forgot-password-1,radix,registry/radix/pro/forgot-password-1.json,source/radix/pro/blocks/forgot-password/one/index.tsx,previews/quartz/forgot-password-1.png,https://tailark.com/r/radix/forgot-password-1.json
block,quartz,forgot-password,forgot-password-2,base,registry/base/pro/forgot-password-2.json,source/base/pro/blocks/forgot-password/two/index.tsx,previews/quartz/forgot-password-2.png,https://tailark.com/r/forgot-password-2.json
block,quartz,forgot-password,forgot-password-2,radix,registry/radix/pro/forgot-password-2.json,source/radix/pro/blocks/forgot-password/two/index.tsx,previews/quartz/forgot-password-2.png,https://tailark.com/r/radix/forgot-password-2.json
block,quartz,forgot-password,forgot-password-3,base,registry/base/pro/forgot-password-3.json,source/base/pro/blocks/forgot-password/three/index.tsx,previews/quartz/forgot-password-3.png,https://tailark.com/r/forgot-password-3.json
block,quartz,forgot-password,forgot-password-3,radix,registry/radix/pro/forgot-password-3.json,source/radix/pro/blocks/forgot-password/three/index.tsx,previews/quartz/forgot-password-3.png,https://tailark.com/r/radix/forgot-password-3.json
block,quartz,forgot-password,forgot-password-4,base,registry/base/pro/forgot-password-4.json,source/base/pro/blocks/forgot-password/four/index.tsx,previews/quartz/forgot-password-4.png,https://tailark.com/r/forgot-password-4.json
block,quartz,forgot-password,forgot-password-4,radix,registry/radix/pro/forgot-password-4.json,source/radix/pro/blocks/forgot-password/four/index.tsx,previews/quartz/forgot-password-4.png,https://tailark.com/r/radix/forgot-password-4.json
block,quartz,forgot-password,forgot-password-5,base,registry/base/pro/forgot-password-5.json,source/base/pro/blocks/forgot-password/five/index.tsx,previews/quartz/forgot-password-5.png,https://tailark.com/r/forgot-password-5.json
block,quartz,forgot-password,forgot-password-5,radix,registry/radix/pro/forgot-password-5.json,source/radix/pro/blocks/forgot-password/five/index.tsx,previews/quartz/forgot-password-5.png,https://tailark.com/r/radix/forgot-password-5.json
block,quartz,header,header-1,base,registry/base/pro/header-1.json,source/base/pro/blocks/header/one/index.tsx,previews/quartz/header-1.png,https://tailark.com/r/header-1.json
block,quartz,header,header-1,radix,registry/radix/pro/header-1.json,source/radix/pro/blocks/header/one/index.tsx,previews/quartz/header-1.png,https://tailark.com/r/radix/header-1.json
block,quartz,header,header-2,base,registry/base/pro/header-2.json,source/base/pro/blocks/header/two/index.tsx,previews/quartz/header-2.png,https://tailark.com/r/header-2.json
block,quartz,header,header-2,radix,registry/radix/pro/header-2.json,source/radix/pro/blocks/header/two/index.tsx,previews/quartz/header-2.png,https://tailark.com/r/radix/header-2.json
block,quartz,header,header-3,base,registry/base/pro/header-3.json,source/base/pro/blocks/header/three/index.tsx,previews/quartz/header-3.png,https://tailark.com/r/header-3.json
block,quartz,header,header-3,radix,registry/radix/pro/header-3.json,source/radix/pro/blocks/header/three/index.tsx,previews/quartz/header-3.png,https://tailark.com/r/radix/header-3.json
block,quartz,header,header-4,base,registry/base/pro/header-4.json,source/base/pro/blocks/header/four/index.tsx,previews/quartz/header-4.png,https://tailark.com/r/header-4.json
block,quartz,header,header-4,radix,registry/radix/pro/header-4.json,source/radix/pro/blocks/header/four/index.tsx,previews/quartz/header-4.png,https://tailark.com/r/radix/header-4.json
block,quartz,header,header-5,base,registry/base/pro/header-5.json,source/base/pro/blocks/header/five/index.tsx,previews/quartz/header-5.png,https://tailark.com/r/header-5.json
block,quartz,header,header-5,radix,registry/radix/pro/header-5.json,source/radix/pro/blocks/header/five/index.tsx,previews/quartz/header-5.png,https://tailark.com/r/radix/header-5.json
block,quartz,header,header-6,base,registry/base/pro/header-6.json,source/base/pro/blocks/header/six/index.tsx,previews/quartz/header-6.png,https://tailark.com/r/header-6.json
block,quartz,header,header-6,radix,registry/radix/pro/header-6.json,source/radix/pro/blocks/header/six/index.tsx,previews/quartz/header-6.png,https://tailark.com/r/radix/header-6.json
block,quartz,header,header-7,base,registry/base/pro/header-7.json,source/base/pro/blocks/header/seven/index.tsx,previews/quartz/header-7.png,https://tailark.com/r/header-7.json
block,quartz,header,header-7,radix,registry/radix/pro/header-7.json,source/radix/pro/blocks/header/seven/index.tsx,previews/quartz/header-7.png,https://tailark.com/r/radix/header-7.json
block,quartz,header,header-8,base,registry/base/pro/header-8.json,source/base/pro/blocks/header/eight/index.tsx,previews/quartz/header-8.png,https://tailark.com/r/header-8.json
block,quartz,header,header-8,radix,registry/radix/pro/header-8.json,source/radix/pro/blocks/header/eight/index.tsx,previews/quartz/header-8.png,https://tailark.com/r/radix/header-8.json
block,quartz,hero-section,hero-section-1,base,registry/base/pro/hero-section-1.json,source/base/pro/blocks/hero-section/one/index.tsx;source/base/pro/blocks/hero-section/one/header.tsx,previews/quartz/hero-section-1.png,https://tailark.com/r/hero-section-1.json
block,quartz,hero-section,hero-section-1,radix,registry/radix/pro/hero-section-1.json,source/radix/pro/blocks/hero-section/one/index.tsx;source/radix/pro/blocks/hero-section/one/header.tsx,previews/quartz/hero-section-1.png,https://tailark.com/r/radix/hero-section-1.json
block,quartz,hero-section,hero-section-10,base,registry/base/pro/hero-section-10.json,source/base/pro/blocks/hero-section/ten/index.tsx;source/base/pro/blocks/hero-section/ten/header.tsx;source/base/pro/blocks/hero-section/ten/illustrations/product.tsx,previews/quartz/hero-section-10.png,https://tailark.com/r/hero-section-10.json
block,quartz,hero-section,hero-section-10,radix,registry/radix/pro/hero-section-10.json,source/radix/pro/blocks/hero-section/ten/index.tsx;source/radix/pro/blocks/hero-section/ten/header.tsx;source/radix/pro/blocks/hero-section/ten/illustrations/product.tsx,previews/quartz/hero-section-10.png,https://tailark.com/r/radix/hero-section-10.json
block,quartz,hero-section,hero-section-11,base,registry/base/pro/hero-section-11.json,source/base/pro/blocks/hero-section/eleven/index.tsx;source/base/pro/blocks/hero-section/eleven/header.tsx;source/base/pro/blocks/hero-section/eleven/logo-cloud.tsx;source/base/pro/blocks/hero-section/eleven/illustrations/product.tsx,previews/quartz/hero-section-11.png,https://tailark.com/r/hero-section-11.json
block,quartz,hero-section,hero-section-11,radix,registry/radix/pro/hero-section-11.json,source/radix/pro/blocks/hero-section/eleven/index.tsx;source/radix/pro/blocks/hero-section/eleven/header.tsx;source/radix/pro/blocks/hero-section/eleven/logo-cloud.tsx;source/radix/pro/blocks/hero-section/eleven/illustrations/product.tsx,previews/quartz/hero-section-11.png,https://tailark.com/r/radix/hero-section-11.json
block,quartz,hero-section,hero-section-12,base,registry/base/pro/hero-section-12.json,source/base/pro/blocks/hero-section/twelve/index.tsx;source/base/pro/blocks/hero-section/twelve/header.tsx;source/base/pro/blocks/hero-section/twelve/illustrations/meet.tsx,previews/quartz/hero-section-12.png,https://tailark.com/r/hero-section-12.json
block,quartz,hero-section,hero-section-12,radix,registry/radix/pro/hero-section-12.json,source/radix/pro/blocks/hero-section/twelve/index.tsx;source/radix/pro/blocks/hero-section/twelve/header.tsx;source/radix/pro/blocks/hero-section/twelve/illustrations/meet.tsx,previews/quartz/hero-section-12.png,https://tailark.com/r/radix/hero-section-12.json
block,quartz,hero-section,hero-section-13,base,registry/base/pro/hero-section-13.json,source/base/pro/blocks/hero-section/thirteen/index.tsx;source/base/pro/blocks/hero-section/thirteen/audio-icon.tsx;source/base/pro/blocks/hero-section/thirteen/header.tsx;source/base/pro/blocks/hero-section/thirteen/logo-cloud.tsx;source/base/pro/blocks/hero-section/thirteen/illustrations/image.tsx,previews/quartz/hero-section-13.png,https://tailark.com/r/hero-section-13.json
block,quartz,hero-section,hero-section-13,radix,registry/radix/pro/hero-section-13.json,source/radix/pro/blocks/hero-section/thirteen/index.tsx;source/radix/pro/blocks/hero-section/thirteen/audio-icon.tsx;source/radix/pro/blocks/hero-section/thirteen/header.tsx;source/radix/pro/blocks/hero-section/thirteen/logo-cloud.tsx;source/radix/pro/blocks/hero-section/thirteen/illustrations/image.tsx,previews/quartz/hero-section-13.png,https://tailark.com/r/radix/hero-section-13.json
block,quartz,hero-section,hero-section-14,base,registry/base/pro/hero-section-14.json,source/base/pro/blocks/hero-section/fourteen/index.tsx;source/base/pro/blocks/hero-section/fourteen/header.tsx;source/base/pro/blocks/hero-section/fourteen/logo-cloud.tsx;source/base/pro/blocks/hero-section/fourteen/illustrations/product.tsx,previews/quartz/hero-section-14.png,https://tailark.com/r/hero-section-14.json
block,quartz,hero-section,hero-section-14,radix,registry/radix/pro/hero-section-14.json,source/radix/pro/blocks/hero-section/fourteen/index.tsx;source/radix/pro/blocks/hero-section/fourteen/header.tsx;source/radix/pro/blocks/hero-section/fourteen/logo-cloud.tsx;source/radix/pro/blocks/hero-section/fourteen/illustrations/product.tsx,previews/quartz/hero-section-14.png,https://tailark.com/r/radix/hero-section-14.json
block,quartz,hero-section,hero-section-15,base,registry/base/pro/hero-section-15.json,source/base/pro/blocks/hero-section/fifteen/index.tsx;source/base/pro/blocks/hero-section/fifteen/header.tsx;source/base/pro/blocks/hero-section/fifteen/logo-cloud.tsx;source/base/pro/blocks/hero-section/fifteen/illustrations/image.tsx,previews/quartz/hero-section-15.png,https://tailark.com/r/hero-section-15.json
block,quartz,hero-section,hero-section-15,radix,registry/radix/pro/hero-section-15.json,source/radix/pro/blocks/hero-section/fifteen/index.tsx;source/radix/pro/blocks/hero-section/fifteen/header.tsx;source/radix/pro/blocks/hero-section/fifteen/logo-cloud.tsx;source/radix/pro/blocks/hero-section/fifteen/illustrations/image.tsx,previews/quartz/hero-section-15.png,https://tailark.com/r/radix/hero-section-15.json
block,quartz,hero-section,hero-section-16,base,registry/base/pro/hero-section-16.json,source/base/pro/blocks/hero-section/sixteen/index.tsx;source/base/pro/blocks/hero-section/sixteen/code-block.tsx;source/base/pro/blocks/hero-section/sixteen/header.tsx;source/base/pro/blocks/hero-section/sixteen/illustrations/code-block.tsx;source/base/pro/blocks/hero-section/sixteen/illustrations/image.tsx,previews/quartz/hero-section-16.png,https://tailark.com/r/hero-section-16.json
block,quartz,hero-section,hero-section-16,radix,registry/radix/pro/hero-section-16.json,source/radix/pro/blocks/hero-section/sixteen/index.tsx;source/radix/pro/blocks/hero-section/sixteen/code-block.tsx;source/radix/pro/blocks/hero-section/sixteen/header.tsx;source/radix/pro/blocks/hero-section/sixteen/illustrations/code-block.tsx;source/radix/pro/blocks/hero-section/sixteen/illustrations/image.tsx,previews/quartz/hero-section-16.png,https://tailark.com/r/radix/hero-section-16.json
block,quartz,hero-section,hero-section-2,base,registry/base/pro/hero-section-2.json,source/base/pro/blocks/hero-section/two/index.tsx;source/base/pro/blocks/hero-section/two/header.tsx;source/base/pro/blocks/hero-section/two/illustrations/mobile-wallet.tsx,previews/quartz/hero-section-2.png,https://tailark.com/r/hero-section-2.json
block,quartz,hero-section,hero-section-2,radix,registry/radix/pro/hero-section-2.json,source/radix/pro/blocks/hero-section/two/index.tsx;source/radix/pro/blocks/hero-section/two/header.tsx;source/radix/pro/blocks/hero-section/two/illustrations/mobile-wallet.tsx,previews/quartz/hero-section-2.png,https://tailark.com/r/radix/hero-section-2.json
block,quartz,hero-section,hero-section-3,base,registry/base/pro/hero-section-3.json,source/base/pro/blocks/hero-section/three/index.tsx;source/base/pro/blocks/hero-section/three/header.tsx;source/base/pro/blocks/hero-section/three/logo-cloud.tsx;source/base/pro/blocks/hero-section/three/illustrations/interactive-line-chart.tsx;source/base/pro/blocks/hero-section/three/illustrations/product.tsx,previews/quartz/hero-section-3.png,https://tailark.com/r/hero-section-3.json
block,quartz,hero-section,hero-section-3,radix,registry/radix/pro/hero-section-3.json,source/radix/pro/blocks/hero-section/three/index.tsx;source/radix/pro/blocks/hero-section/three/header.tsx;source/radix/pro/blocks/hero-section/three/logo-cloud.tsx;source/radix/pro/blocks/hero-section/three/illustrations/interactive-line-chart.tsx;source/radix/pro/blocks/hero-section/three/illustrations/product.tsx,previews/quartz/hero-section-3.png,https://tailark.com/r/radix/hero-section-3.json
block,quartz,hero-section,hero-section-4,base,registry/base/pro/hero-section-4.json,source/base/pro/blocks/hero-section/four/index.tsx;source/base/pro/blocks/hero-section/four/header.tsx;source/base/pro/blocks/hero-section/four/logo-cloud.tsx,previews/quartz/hero-section-4.png,https://tailark.com/r/hero-section-4.json
block,quartz,hero-section,hero-section-4,radix,registry/radix/pro/hero-section-4.json,source/radix/pro/blocks/hero-section/four/index.tsx;source/radix/pro/blocks/hero-section/four/header.tsx;source/radix/pro/blocks/hero-section/four/logo-cloud.tsx,previews/quartz/hero-section-4.png,https://tailark.com/r/radix/hero-section-4.json
block,quartz,hero-section,hero-section-5,base,registry/base/pro/hero-section-5.json,source/base/pro/blocks/hero-section/five/index.tsx;source/base/pro/blocks/hero-section/five/header.tsx,previews/quartz/hero-section-5.png,https://tailark.com/r/hero-section-5.json
block,quartz,hero-section,hero-section-5,radix,registry/radix/pro/hero-section-5.json,source/radix/pro/blocks/hero-section/five/index.tsx;source/radix/pro/blocks/hero-section/five/header.tsx,previews/quartz/hero-section-5.png,https://tailark.com/r/radix/hero-section-5.json
block,quartz,hero-section,hero-section-6,base,registry/base/pro/hero-section-6.json,source/base/pro/blocks/hero-section/six/index.tsx;source/base/pro/blocks/hero-section/six/header.tsx;source/base/pro/blocks/hero-section/six/logo-cloud.tsx;source/base/pro/blocks/hero-section/six/illustrations/product.tsx,previews/quartz/hero-section-6.png,https://tailark.com/r/hero-section-6.json
block,quartz,hero-section,hero-section-6,radix,registry/radix/pro/hero-section-6.json,source/radix/pro/blocks/hero-section/six/index.tsx;source/radix/pro/blocks/hero-section/six/header.tsx;source/radix/pro/blocks/hero-section/six/logo-cloud.tsx;source/radix/pro/blocks/hero-section/six/illustrations/product.tsx,previews/quartz/hero-section-6.png,https://tailark.com/r/radix/hero-section-6.json
block,quartz,hero-section,hero-section-7,base,registry/base/pro/hero-section-7.json,source/base/pro/blocks/hero-section/seven/index.tsx;source/base/pro/blocks/hero-section/seven/header.tsx;source/base/pro/blocks/hero-section/seven/illustrations/product.tsx,previews/quartz/hero-section-7.png,https://tailark.com/r/hero-section-7.json
block,quartz,hero-section,hero-section-7,radix,registry/radix/pro/hero-section-7.json,source/radix/pro/blocks/hero-section/seven/index.tsx;source/radix/pro/blocks/hero-section/seven/header.tsx;source/radix/pro/blocks/hero-section/seven/illustrations/product.tsx,previews/quartz/hero-section-7.png,https://tailark.com/r/radix/hero-section-7.json
block,quartz,hero-section,hero-section-8,base,registry/base/pro/hero-section-8.json,source/base/pro/blocks/hero-section/eight/index.tsx;source/base/pro/blocks/hero-section/eight/header.tsx;source/base/pro/blocks/hero-section/eight/logo-cloud.tsx;source/base/pro/blocks/hero-section/eight/illustrations/product.tsx,previews/quartz/hero-section-8.png,https://tailark.com/r/hero-section-8.json
block,quartz,hero-section,hero-section-8,radix,registry/radix/pro/hero-section-8.json,source/radix/pro/blocks/hero-section/eight/index.tsx;source/radix/pro/blocks/hero-section/eight/header.tsx;source/radix/pro/blocks/hero-section/eight/logo-cloud.tsx;source/radix/pro/blocks/hero-section/eight/illustrations/product.tsx,previews/quartz/hero-section-8.png,https://tailark.com/r/radix/hero-section-8.json
block,quartz,hero-section,hero-section-9,base,registry/base/pro/hero-section-9.json,source/base/pro/blocks/hero-section/nine/index.tsx;source/base/pro/blocks/hero-section/nine/header.tsx;source/base/pro/blocks/hero-section/nine/logo-cloud.tsx;source/base/pro/blocks/hero-section/nine/illustrations/product.tsx,previews/quartz/hero-section-9.png,https://tailark.com/r/hero-section-9.json
block,quartz,hero-section,hero-section-9,radix,registry/radix/pro/hero-section-9.json,source/radix/pro/blocks/hero-section/nine/index.tsx;source/radix/pro/blocks/hero-section/nine/header.tsx;source/radix/pro/blocks/hero-section/nine/logo-cloud.tsx;source/radix/pro/blocks/hero-section/nine/illustrations/product.tsx,previews/quartz/hero-section-9.png,https://tailark.com/r/radix/hero-section-9.json
block,quartz,how-it-works,how-it-works-1,base,registry/base/pro/how-it-works-1.json,source/base/pro/blocks/how-it-works/one/index.tsx;source/base/pro/blocks/how-it-works/one/illustrations/document.tsx;source/base/pro/blocks/how-it-works/one/illustrations/invoice-signing.tsx;source/base/pro/blocks/how-it-works/one/illustrations/invoice.tsx;source/base/pro/blocks/how-it-works/one/illustrations/payment.tsx,previews/quartz/how-it-works-1.png,https://tailark.com/r/how-it-works-1.json
block,quartz,how-it-works,how-it-works-1,radix,registry/radix/pro/how-it-works-1.json,source/radix/pro/blocks/how-it-works/one/index.tsx;source/radix/pro/blocks/how-it-works/one/illustrations/document.tsx;source/radix/pro/blocks/how-it-works/one/illustrations/invoice-signing.tsx;source/radix/pro/blocks/how-it-works/one/illustrations/invoice.tsx;source/radix/pro/blocks/how-it-works/one/illustrations/payment.tsx,previews/quartz/how-it-works-1.png,https://tailark.com/r/radix/how-it-works-1.json
block,quartz,how-it-works,how-it-works-2,base,registry/base/pro/how-it-works-2.json,source/base/pro/blocks/how-it-works/two/index.tsx;source/base/pro/blocks/how-it-works/two/gantt-chart.tsx;source/base/pro/blocks/how-it-works/two/illustrations/chart.tsx;source/base/pro/blocks/how-it-works/two/illustrations/gantt-chart.tsx;source/base/pro/blocks/how-it-works/two/illustrations/layout.tsx;source/base/pro/blocks/how-it-works/two/illustrations/table.tsx,previews/quartz/how-it-works-2.png,https://tailark.com/r/how-it-works-2.json
block,quartz,how-it-works,how-it-works-2,radix,registry/radix/pro/how-it-works-2.json,source/radix/pro/blocks/how-it-works/two/index.tsx;source/radix/pro/blocks/how-it-works/two/gantt-chart.tsx;source/radix/pro/blocks/how-it-works/two/illustrations/chart.tsx;source/radix/pro/blocks/how-it-works/two/illustrations/gantt-chart.tsx;source/radix/pro/blocks/how-it-works/two/illustrations/layout.tsx;source/radix/pro/blocks/how-it-works/two/illustrations/table.tsx,previews/quartz/how-it-works-2.png,https://tailark.com/r/radix/how-it-works-2.json
block,quartz,how-it-works,how-it-works-3,base,registry/base/pro/how-it-works-3.json,source/base/pro/blocks/how-it-works/three/index.tsx;source/base/pro/blocks/how-it-works/three/illustrations/code-block.tsx;source/base/pro/blocks/how-it-works/three/illustrations/code.tsx;source/base/pro/blocks/how-it-works/three/illustrations/document.tsx;source/base/pro/blocks/how-it-works/three/illustrations/monitoring-barchart.tsx;source/base/pro/blocks/how-it-works/three/illustrations/particles.tsx;source/base/pro/blocks/how-it-works/three/illustrations/scan.tsx,,https://tailark.com/r/how-it-works-3.json
block,quartz,how-it-works,how-it-works-3,radix,registry/radix/pro/how-it-works-3.json,source/radix/pro/blocks/how-it-works/three/index.tsx;source/radix/pro/blocks/how-it-works/three/illustrations/code-block.tsx;source/radix/pro/blocks/how-it-works/three/illustrations/code.tsx;source/radix/pro/blocks/how-it-works/three/illustrations/document.tsx;source/radix/pro/blocks/how-it-works/three/illustrations/monitoring-barchart.tsx;source/radix/pro/blocks/how-it-works/three/illustrations/particles.tsx;source/radix/pro/blocks/how-it-works/three/illustrations/scan.tsx,,https://tailark.com/r/radix/how-it-works-3.json
block,quartz,how-it-works,how-it-works-4,base,registry/base/pro/how-it-works-4.json,source/base/pro/blocks/how-it-works/four/index.tsx;source/base/pro/blocks/how-it-works/four/illustrations/currency.tsx;source/base/pro/blocks/how-it-works/four/illustrations/document-csv.tsx;source/base/pro/blocks/how-it-works/four/illustrations/document.tsx,previews/quartz/how-it-works-4.png,https://tailark.com/r/how-it-works-4.json
block,quartz,how-it-works,how-it-works-4,radix,registry/radix/pro/how-it-works-4.json,source/radix/pro/blocks/how-it-works/four/index.tsx;source/radix/pro/blocks/how-it-works/four/illustrations/currency.tsx;source/radix/pro/blocks/how-it-works/four/illustrations/document-csv.tsx;source/radix/pro/blocks/how-it-works/four/illustrations/document.tsx,previews/quartz/how-it-works-4.png,https://tailark.com/r/radix/how-it-works-4.json
block,quartz,how-it-works,how-it-works-5,base,registry/base/pro/how-it-works-5.json,source/base/pro/blocks/how-it-works/five/index.tsx;source/base/pro/blocks/how-it-works/five/illustrations/currency.tsx;source/base/pro/blocks/how-it-works/five/illustrations/document-csv.tsx;source/base/pro/blocks/how-it-works/five/illustrations/document.tsx,previews/quartz/how-it-works-5.png,https://tailark.com/r/how-it-works-5.json
block,quartz,how-it-works,how-it-works-5,radix,registry/radix/pro/how-it-works-5.json,source/radix/pro/blocks/how-it-works/five/index.tsx;source/radix/pro/blocks/how-it-works/five/illustrations/currency.tsx;source/radix/pro/blocks/how-it-works/five/illustrations/document-csv.tsx;source/radix/pro/blocks/how-it-works/five/illustrations/document.tsx,previews/quartz/how-it-works-5.png,https://tailark.com/r/radix/how-it-works-5.json
block,quartz,how-it-works,how-it-works-6,base,registry/base/pro/how-it-works-6.json,source/base/pro/blocks/how-it-works/six/index.tsx;source/base/pro/blocks/how-it-works/six/illustrations/actionnable.tsx;source/base/pro/blocks/how-it-works/six/illustrations/document.tsx;source/base/pro/blocks/how-it-works/six/illustrations/id-check.tsx,previews/quartz/how-it-works-6.png,https://tailark.com/r/how-it-works-6.json
block,quartz,how-it-works,how-it-works-6,radix,registry/radix/pro/how-it-works-6.json,source/radix/pro/blocks/how-it-works/six/index.tsx;source/radix/pro/blocks/how-it-works/six/illustrations/actionnable.tsx;source/radix/pro/blocks/how-it-works/six/illustrations/document.tsx;source/radix/pro/blocks/how-it-works/six/illustrations/id-check.tsx,previews/quartz/how-it-works-6.png,https://tailark.com/r/radix/how-it-works-6.json
block,quartz,how-it-works,how-it-works-7,base,registry/base/pro/how-it-works-7.json,source/base/pro/blocks/how-it-works/seven/index.tsx;source/base/pro/blocks/how-it-works/seven/illustrations/campaign.tsx;source/base/pro/blocks/how-it-works/seven/illustrations/memory-usage.tsx;source/base/pro/blocks/how-it-works/seven/illustrations/poll.tsx,previews/quartz/how-it-works-7.png,https://tailark.com/r/how-it-works-7.json
block,quartz,how-it-works,how-it-works-7,radix,registry/radix/pro/how-it-works-7.json,source/radix/pro/blocks/how-it-works/seven/index.tsx;source/radix/pro/blocks/how-it-works/seven/illustrations/campaign.tsx;source/radix/pro/blocks/how-it-works/seven/illustrations/memory-usage.tsx;source/radix/pro/blocks/how-it-works/seven/illustrations/poll.tsx,previews/quartz/how-it-works-7.png,https://tailark.com/r/radix/how-it-works-7.json
block,quartz,integrations,integrations-1,base,registry/base/pro/integrations-1.json,source/base/pro/blocks/integrations/one/index.tsx,previews/quartz/integrations-1.png,https://tailark.com/r/integrations-1.json
block,quartz,integrations,integrations-1,radix,registry/radix/pro/integrations-1.json,source/radix/pro/blocks/integrations/one/index.tsx,previews/quartz/integrations-1.png,https://tailark.com/r/radix/integrations-1.json
block,quartz,integrations,integrations-10,base,registry/base/pro/integrations-10.json,source/base/pro/blocks/integrations/ten/index.tsx,previews/quartz/integrations-10.png,https://tailark.com/r/integrations-10.json
block,quartz,integrations,integrations-10,radix,registry/radix/pro/integrations-10.json,source/radix/pro/blocks/integrations/ten/index.tsx,previews/quartz/integrations-10.png,https://tailark.com/r/radix/integrations-10.json
block,quartz,integrations,integrations-11,base,registry/base/pro/integrations-11.json,source/base/pro/blocks/integrations/eleven/index.tsx,previews/quartz/integrations-11.png,https://tailark.com/r/integrations-11.json
block,quartz,integrations,integrations-11,radix,registry/radix/pro/integrations-11.json,source/radix/pro/blocks/integrations/eleven/index.tsx,previews/quartz/integrations-11.png,https://tailark.com/r/radix/integrations-11.json
block,quartz,integrations,integrations-2,base,registry/base/pro/integrations-2.json,source/base/pro/blocks/integrations/two/index.tsx,previews/quartz/integrations-2.png,https://tailark.com/r/integrations-2.json
block,quartz,integrations,integrations-2,radix,registry/radix/pro/integrations-2.json,source/radix/pro/blocks/integrations/two/index.tsx,previews/quartz/integrations-2.png,https://tailark.com/r/radix/integrations-2.json
block,quartz,integrations,integrations-5,base,registry/base/pro/integrations-5.json,source/base/pro/blocks/integrations/five/index.tsx,previews/quartz/integrations-5.png,https://tailark.com/r/integrations-5.json
block,quartz,integrations,integrations-5,radix,registry/radix/pro/integrations-5.json,source/radix/pro/blocks/integrations/five/index.tsx,previews/quartz/integrations-5.png,https://tailark.com/r/radix/integrations-5.json
block,quartz,integrations,integrations-6,base,registry/base/pro/integrations-6.json,source/base/pro/blocks/integrations/six/index.tsx,previews/quartz/integrations-6.png,https://tailark.com/r/integrations-6.json
block,quartz,integrations,integrations-6,radix,registry/radix/pro/integrations-6.json,source/radix/pro/blocks/integrations/six/index.tsx,previews/quartz/integrations-6.png,https://tailark.com/r/radix/integrations-6.json
block,quartz,integrations,integrations-7,base,registry/base/pro/integrations-7.json,source/base/pro/blocks/integrations/seven/index.tsx,previews/quartz/integrations-7.png,https://tailark.com/r/integrations-7.json
block,quartz,integrations,integrations-7,radix,registry/radix/pro/integrations-7.json,source/radix/pro/blocks/integrations/seven/index.tsx,previews/quartz/integrations-7.png,https://tailark.com/r/radix/integrations-7.json
block,quartz,integrations,integrations-9,base,registry/base/pro/integrations-9.json,source/base/pro/blocks/integrations/nine/index.tsx,previews/quartz/integrations-9.png,https://tailark.com/r/integrations-9.json
block,quartz,integrations,integrations-9,radix,registry/radix/pro/integrations-9.json,source/radix/pro/blocks/integrations/nine/index.tsx,previews/quartz/integrations-9.png,https://tailark.com/r/radix/integrations-9.json
block,quartz,investors,investors-1,base,registry/base/pro/investors-1.json,source/base/pro/blocks/investors/one/index.tsx,previews/quartz/investors-1.png,https://tailark.com/r/investors-1.json
block,quartz,investors,investors-1,radix,registry/radix/pro/investors-1.json,source/radix/pro/blocks/investors/one/index.tsx,previews/quartz/investors-1.png,https://tailark.com/r/radix/investors-1.json
block,quartz,investors,investors-2,base,registry/base/pro/investors-2.json,source/base/pro/blocks/investors/two/index.tsx,previews/quartz/investors-2.png,https://tailark.com/r/investors-2.json
block,quartz,investors,investors-2,radix,registry/radix/pro/investors-2.json,source/radix/pro/blocks/investors/two/index.tsx,previews/quartz/investors-2.png,https://tailark.com/r/radix/investors-2.json
block,quartz,investors,investors-3,base,registry/base/pro/investors-3.json,source/base/pro/blocks/investors/three/index.tsx,previews/quartz/investors-3.png,https://tailark.com/r/investors-3.json
block,quartz,investors,investors-3,radix,registry/radix/pro/investors-3.json,source/radix/pro/blocks/investors/three/index.tsx,previews/quartz/investors-3.png,https://tailark.com/r/radix/investors-3.json
block,quartz,investors,investors-4,base,registry/base/pro/investors-4.json,source/base/pro/blocks/investors/four/index.tsx,previews/quartz/investors-4.png,https://tailark.com/r/investors-4.json
block,quartz,investors,investors-4,radix,registry/radix/pro/investors-4.json,source/radix/pro/blocks/investors/four/index.tsx,previews/quartz/investors-4.png,https://tailark.com/r/radix/investors-4.json
block,quartz,investors,investors-5,base,registry/base/pro/investors-5.json,source/base/pro/blocks/investors/five/index.tsx,previews/quartz/investors-5.png,https://tailark.com/r/investors-5.json
block,quartz,investors,investors-5,radix,registry/radix/pro/investors-5.json,source/radix/pro/blocks/investors/five/index.tsx,previews/quartz/investors-5.png,https://tailark.com/r/radix/investors-5.json
block,quartz,investors,investors-6,base,registry/base/pro/investors-6.json,source/base/pro/blocks/investors/six/index.tsx,previews/quartz/investors-6.png,https://tailark.com/r/investors-6.json
block,quartz,investors,investors-6,radix,registry/radix/pro/investors-6.json,source/radix/pro/blocks/investors/six/index.tsx,previews/quartz/investors-6.png,https://tailark.com/r/radix/investors-6.json
block,quartz,investors,investors-7,base,registry/base/pro/investors-7.json,source/base/pro/blocks/investors/seven/index.tsx,previews/quartz/investors-7.png,https://tailark.com/r/investors-7.json
block,quartz,investors,investors-7,radix,registry/radix/pro/investors-7.json,source/radix/pro/blocks/investors/seven/index.tsx,previews/quartz/investors-7.png,https://tailark.com/r/radix/investors-7.json
block,quartz,login-blocks,login-blocks-1,base,registry/base/pro/login-blocks-1.json,source/base/pro/blocks/login-blocks/one/index.tsx,previews/quartz/login-blocks-1.png,https://tailark.com/r/login-blocks-1.json
block,quartz,login-blocks,login-blocks-1,radix,registry/radix/pro/login-blocks-1.json,source/radix/pro/blocks/login-blocks/one/index.tsx,previews/quartz/login-blocks-1.png,https://tailark.com/r/radix/login-blocks-1.json
block,quartz,login-blocks,login-blocks-10,base,registry/base/pro/login-blocks-10.json,source/base/pro/blocks/login-blocks/ten/index.tsx,previews/quartz/login-blocks-10.png,https://tailark.com/r/login-blocks-10.json
block,quartz,login-blocks,login-blocks-10,radix,registry/radix/pro/login-blocks-10.json,source/radix/pro/blocks/login-blocks/ten/index.tsx,previews/quartz/login-blocks-10.png,https://tailark.com/r/radix/login-blocks-10.json
block,quartz,login-blocks,login-blocks-11,base,registry/base/pro/login-blocks-11.json,source/base/pro/blocks/login-blocks/eleven/index.tsx,previews/quartz/login-blocks-11.png,https://tailark.com/r/login-blocks-11.json
block,quartz,login-blocks,login-blocks-11,radix,registry/radix/pro/login-blocks-11.json,source/radix/pro/blocks/login-blocks/eleven/index.tsx,previews/quartz/login-blocks-11.png,https://tailark.com/r/radix/login-blocks-11.json
block,quartz,login-blocks,login-blocks-2,base,registry/base/pro/login-blocks-2.json,source/base/pro/blocks/login-blocks/two/index.tsx,previews/quartz/login-blocks-2.png,https://tailark.com/r/login-blocks-2.json
block,quartz,login-blocks,login-blocks-2,radix,registry/radix/pro/login-blocks-2.json,source/radix/pro/blocks/login-blocks/two/index.tsx,previews/quartz/login-blocks-2.png,https://tailark.com/r/radix/login-blocks-2.json
block,quartz,login-blocks,login-blocks-3,base,registry/base/pro/login-blocks-3.json,source/base/pro/blocks/login-blocks/three/index.tsx,previews/quartz/login-blocks-3.png,https://tailark.com/r/login-blocks-3.json
block,quartz,login-blocks,login-blocks-3,radix,registry/radix/pro/login-blocks-3.json,source/radix/pro/blocks/login-blocks/three/index.tsx,previews/quartz/login-blocks-3.png,https://tailark.com/r/radix/login-blocks-3.json
block,quartz,login-blocks,login-blocks-4,base,registry/base/pro/login-blocks-4.json,source/base/pro/blocks/login-blocks/four/index.tsx,previews/quartz/login-blocks-4.png,https://tailark.com/r/login-blocks-4.json
block,quartz,login-blocks,login-blocks-4,radix,registry/radix/pro/login-blocks-4.json,source/radix/pro/blocks/login-blocks/four/index.tsx,previews/quartz/login-blocks-4.png,https://tailark.com/r/radix/login-blocks-4.json
block,quartz,login-blocks,login-blocks-5,base,registry/base/pro/login-blocks-5.json,source/base/pro/blocks/login-blocks/five/index.tsx,previews/quartz/login-blocks-5.png,https://tailark.com/r/login-blocks-5.json
block,quartz,login-blocks,login-blocks-5,radix,registry/radix/pro/login-blocks-5.json,source/radix/pro/blocks/login-blocks/five/index.tsx,previews/quartz/login-blocks-5.png,https://tailark.com/r/radix/login-blocks-5.json
block,quartz,login-blocks,login-blocks-6,base,registry/base/pro/login-blocks-6.json,source/base/pro/blocks/login-blocks/six/index.tsx,previews/quartz/login-blocks-6.png,https://tailark.com/r/login-blocks-6.json
block,quartz,login-blocks,login-blocks-6,radix,registry/radix/pro/login-blocks-6.json,source/radix/pro/blocks/login-blocks/six/index.tsx,previews/quartz/login-blocks-6.png,https://tailark.com/r/radix/login-blocks-6.json
block,quartz,login-blocks,login-blocks-7,base,registry/base/pro/login-blocks-7.json,source/base/pro/blocks/login-blocks/seven/index.tsx,previews/quartz/login-blocks-7.png,https://tailark.com/r/login-blocks-7.json
block,quartz,login-blocks,login-blocks-7,radix,registry/radix/pro/login-blocks-7.json,source/radix/pro/blocks/login-blocks/seven/index.tsx,previews/quartz/login-blocks-7.png,https://tailark.com/r/radix/login-blocks-7.json
block,quartz,login-blocks,login-blocks-8,base,registry/base/pro/login-blocks-8.json,source/base/pro/blocks/login-blocks/eight/index.tsx,previews/quartz/login-blocks-8.png,https://tailark.com/r/login-blocks-8.json
block,quartz,login-blocks,login-blocks-8,radix,registry/radix/pro/login-blocks-8.json,source/radix/pro/blocks/login-blocks/eight/index.tsx,previews/quartz/login-blocks-8.png,https://tailark.com/r/radix/login-blocks-8.json
block,quartz,login-blocks,login-blocks-9,base,registry/base/pro/login-blocks-9.json,source/base/pro/blocks/login-blocks/nine/index.tsx,previews/quartz/login-blocks-9.png,https://tailark.com/r/login-blocks-9.json
block,quartz,login-blocks,login-blocks-9,radix,registry/radix/pro/login-blocks-9.json,source/radix/pro/blocks/login-blocks/nine/index.tsx,previews/quartz/login-blocks-9.png,https://tailark.com/r/radix/login-blocks-9.json
block,quartz,logo-cloud,logo-cloud-1,base,registry/base/pro/logo-cloud-1.json,source/base/pro/blocks/logo-cloud/one/index.tsx,previews/quartz/logo-cloud-1.png,https://tailark.com/r/logo-cloud-1.json
block,quartz,logo-cloud,logo-cloud-1,radix,registry/radix/pro/logo-cloud-1.json,source/radix/pro/blocks/logo-cloud/one/index.tsx,previews/quartz/logo-cloud-1.png,https://tailark.com/r/radix/logo-cloud-1.json
block,quartz,logo-cloud,logo-cloud-10,base,registry/base/pro/logo-cloud-10.json,source/base/pro/blocks/logo-cloud/ten/index.tsx,previews/quartz/logo-cloud-10.png,https://tailark.com/r/logo-cloud-10.json
block,quartz,logo-cloud,logo-cloud-10,radix,registry/radix/pro/logo-cloud-10.json,source/radix/pro/blocks/logo-cloud/ten/index.tsx,previews/quartz/logo-cloud-10.png,https://tailark.com/r/radix/logo-cloud-10.json
block,quartz,logo-cloud,logo-cloud-2,base,registry/base/pro/logo-cloud-2.json,source/base/pro/blocks/logo-cloud/two/index.tsx,previews/quartz/logo-cloud-2.png,https://tailark.com/r/logo-cloud-2.json
block,quartz,logo-cloud,logo-cloud-2,radix,registry/radix/pro/logo-cloud-2.json,source/radix/pro/blocks/logo-cloud/two/index.tsx,previews/quartz/logo-cloud-2.png,https://tailark.com/r/radix/logo-cloud-2.json
block,quartz,logo-cloud,logo-cloud-3,base,registry/base/pro/logo-cloud-3.json,source/base/pro/blocks/logo-cloud/three/index.tsx,previews/quartz/logo-cloud-3.png,https://tailark.com/r/logo-cloud-3.json
block,quartz,logo-cloud,logo-cloud-3,radix,registry/radix/pro/logo-cloud-3.json,source/radix/pro/blocks/logo-cloud/three/index.tsx,previews/quartz/logo-cloud-3.png,https://tailark.com/r/radix/logo-cloud-3.json
block,quartz,logo-cloud,logo-cloud-4,base,registry/base/pro/logo-cloud-4.json,source/base/pro/blocks/logo-cloud/four/index.tsx,previews/quartz/logo-cloud-4.png,https://tailark.com/r/logo-cloud-4.json
block,quartz,logo-cloud,logo-cloud-4,radix,registry/radix/pro/logo-cloud-4.json,source/radix/pro/blocks/logo-cloud/four/index.tsx,previews/quartz/logo-cloud-4.png,https://tailark.com/r/radix/logo-cloud-4.json
block,quartz,logo-cloud,logo-cloud-5,base,registry/base/pro/logo-cloud-5.json,source/base/pro/blocks/logo-cloud/five/index.tsx,previews/quartz/logo-cloud-5.png,https://tailark.com/r/logo-cloud-5.json
block,quartz,logo-cloud,logo-cloud-5,radix,registry/radix/pro/logo-cloud-5.json,source/radix/pro/blocks/logo-cloud/five/index.tsx,previews/quartz/logo-cloud-5.png,https://tailark.com/r/radix/logo-cloud-5.json
block,quartz,logo-cloud,logo-cloud-6,base,registry/base/pro/logo-cloud-6.json,source/base/pro/blocks/logo-cloud/six/index.tsx,previews/quartz/logo-cloud-6.png,https://tailark.com/r/logo-cloud-6.json
block,quartz,logo-cloud,logo-cloud-6,radix,registry/radix/pro/logo-cloud-6.json,source/radix/pro/blocks/logo-cloud/six/index.tsx,previews/quartz/logo-cloud-6.png,https://tailark.com/r/radix/logo-cloud-6.json
block,quartz,logo-cloud,logo-cloud-7,base,registry/base/pro/logo-cloud-7.json,source/base/pro/blocks/logo-cloud/seven/index.tsx,previews/quartz/logo-cloud-7.png,https://tailark.com/r/logo-cloud-7.json
block,quartz,logo-cloud,logo-cloud-7,radix,registry/radix/pro/logo-cloud-7.json,source/radix/pro/blocks/logo-cloud/seven/index.tsx,previews/quartz/logo-cloud-7.png,https://tailark.com/r/radix/logo-cloud-7.json
block,quartz,logo-cloud,logo-cloud-8,base,registry/base/pro/logo-cloud-8.json,source/base/pro/blocks/logo-cloud/eight/index.tsx,previews/quartz/logo-cloud-8.png,https://tailark.com/r/logo-cloud-8.json
block,quartz,logo-cloud,logo-cloud-8,radix,registry/radix/pro/logo-cloud-8.json,source/radix/pro/blocks/logo-cloud/eight/index.tsx,previews/quartz/logo-cloud-8.png,https://tailark.com/r/radix/logo-cloud-8.json
block,quartz,logo-cloud,logo-cloud-9,base,registry/base/pro/logo-cloud-9.json,source/base/pro/blocks/logo-cloud/nine/index.tsx,previews/quartz/logo-cloud-9.png,https://tailark.com/r/logo-cloud-9.json
block,quartz,logo-cloud,logo-cloud-9,radix,registry/radix/pro/logo-cloud-9.json,source/radix/pro/blocks/logo-cloud/nine/index.tsx,previews/quartz/logo-cloud-9.png,https://tailark.com/r/radix/logo-cloud-9.json
block,mist,call-to-action,mist-call-to-action-1,base,registry/base/oss/mist-call-to-action-1.json,source/base/oss/mist/blocks/call-to-action/one.tsx,previews/mist/mist-call-to-action-1.png,https://oss.tailark.com/r/mist-call-to-action-1.json
block,mist,call-to-action,mist-call-to-action-1,radix,registry/radix/oss/mist-call-to-action-1.json,source/radix/oss/mist/blocks/call-to-action/one.tsx,previews/mist/mist-call-to-action-1.png,https://oss.tailark.com/r/radix/mist-call-to-action-1.json
block,mist,call-to-action,mist-call-to-action-2,base,registry/base/oss/mist-call-to-action-2.json,source/base/oss/mist/blocks/call-to-action/two.tsx,previews/mist/mist-call-to-action-2.png,https://oss.tailark.com/r/mist-call-to-action-2.json
block,mist,call-to-action,mist-call-to-action-2,radix,registry/radix/oss/mist-call-to-action-2.json,source/radix/oss/mist/blocks/call-to-action/two.tsx,previews/mist/mist-call-to-action-2.png,https://oss.tailark.com/r/radix/mist-call-to-action-2.json
block,mist,call-to-action,mist-call-to-action-3,base,registry/base/oss/mist-call-to-action-3.json,source/base/oss/mist/blocks/call-to-action/three.tsx,previews/mist/mist-call-to-action-3.png,https://oss.tailark.com/r/mist-call-to-action-3.json
block,mist,call-to-action,mist-call-to-action-3,radix,registry/radix/oss/mist-call-to-action-3.json,source/radix/oss/mist/blocks/call-to-action/three.tsx,previews/mist/mist-call-to-action-3.png,https://oss.tailark.com/r/radix/mist-call-to-action-3.json
block,mist,comparator,mist-comparator-1,base,registry/base/oss/mist-comparator-1.json,source/base/oss/mist/blocks/comparator/one.tsx,previews/mist/mist-comparator-1.png,https://oss.tailark.com/r/mist-comparator-1.json
block,mist,comparator,mist-comparator-1,radix,registry/radix/oss/mist-comparator-1.json,source/radix/oss/mist/blocks/comparator/one.tsx,previews/mist/mist-comparator-1.png,https://oss.tailark.com/r/radix/mist-comparator-1.json
block,mist,contact,mist-contact-1,base,registry/base/oss/mist-contact-1.json,source/base/oss/mist/blocks/contact/one.tsx,previews/mist/mist-contact-1.png,https://oss.tailark.com/r/mist-contact-1.json
block,mist,contact,mist-contact-1,radix,registry/radix/oss/mist-contact-1.json,source/radix/oss/mist/blocks/contact/one.tsx,previews/mist/mist-contact-1.png,https://oss.tailark.com/r/radix/mist-contact-1.json
block,mist,content,mist-content-1,base,registry/base/oss/mist-content-1.json,source/base/oss/mist/blocks/content/one.tsx,previews/mist/mist-content-1.png,https://oss.tailark.com/r/mist-content-1.json
block,mist,content,mist-content-1,radix,registry/radix/oss/mist-content-1.json,source/radix/oss/mist/blocks/content/one.tsx,previews/mist/mist-content-1.png,https://oss.tailark.com/r/radix/mist-content-1.json
block,mist,content,mist-content-2,base,registry/base/oss/mist-content-2.json,source/base/oss/mist/blocks/content/two.tsx,previews/mist/mist-content-2.png,https://oss.tailark.com/r/mist-content-2.json
block,mist,content,mist-content-2,radix,registry/radix/oss/mist-content-2.json,source/radix/oss/mist/blocks/content/two.tsx,previews/mist/mist-content-2.png,https://oss.tailark.com/r/radix/mist-content-2.json
block,mist,content,mist-content-3,base,registry/base/oss/mist-content-3.json,source/base/oss/mist/blocks/content/three.tsx,previews/mist/mist-content-3.png,https://oss.tailark.com/r/mist-content-3.json
block,mist,content,mist-content-3,radix,registry/radix/oss/mist-content-3.json,source/radix/oss/mist/blocks/content/three.tsx,previews/mist/mist-content-3.png,https://oss.tailark.com/r/radix/mist-content-3.json
block,mist,content,mist-content-4,base,registry/base/oss/mist-content-4.json,source/base/oss/mist/blocks/content/four.tsx,previews/mist/mist-content-4.png,https://oss.tailark.com/r/mist-content-4.json
block,mist,content,mist-content-4,radix,registry/radix/oss/mist-content-4.json,source/radix/oss/mist/blocks/content/four.tsx,previews/mist/mist-content-4.png,https://oss.tailark.com/r/radix/mist-content-4.json
block,mist,faqs,mist-faqs-1,base,registry/base/oss/mist-faqs-1.json,source/base/oss/mist/blocks/faqs/one.tsx,previews/mist/mist-faqs-1.png,https://oss.tailark.com/r/mist-faqs-1.json
block,mist,faqs,mist-faqs-1,radix,registry/radix/oss/mist-faqs-1.json,source/radix/oss/mist/blocks/faqs/one.tsx,previews/mist/mist-faqs-1.png,https://oss.tailark.com/r/radix/mist-faqs-1.json
block,mist,faqs,mist-faqs-2,base,registry/base/oss/mist-faqs-2.json,source/base/oss/mist/blocks/faqs/two.tsx,previews/mist/mist-faqs-2.png,https://oss.tailark.com/r/mist-faqs-2.json
block,mist,faqs,mist-faqs-2,radix,registry/radix/oss/mist-faqs-2.json,source/radix/oss/mist/blocks/faqs/two.tsx,previews/mist/mist-faqs-2.png,https://oss.tailark.com/r/radix/mist-faqs-2.json
block,mist,faqs,mist-faqs-3,base,registry/base/oss/mist-faqs-3.json,source/base/oss/mist/blocks/faqs/three.tsx,previews/mist/mist-faqs-3.png,https://oss.tailark.com/r/mist-faqs-3.json
block,mist,faqs,mist-faqs-3,radix,registry/radix/oss/mist-faqs-3.json,source/radix/oss/mist/blocks/faqs/three.tsx,previews/mist/mist-faqs-3.png,https://oss.tailark.com/r/radix/mist-faqs-3.json
block,mist,features,mist-features-1,base,registry/base/oss/mist-features-1.json,source/base/oss/mist/blocks/features/one/features.tsx,previews/mist/mist-features-1.png,https://oss.tailark.com/r/mist-features-1.json
block,mist,features,mist-features-1,radix,registry/radix/oss/mist-features-1.json,source/radix/oss/mist/blocks/features/one/features.tsx,previews/mist/mist-features-1.png,https://oss.tailark.com/r/radix/mist-features-1.json
block,mist,features,mist-features-10,base,registry/base/oss/mist-features-10.json,source/base/oss/mist/blocks/features/ten.tsx,previews/mist/mist-features-10.png,https://oss.tailark.com/r/mist-features-10.json
block,mist,features,mist-features-10,radix,registry/radix/oss/mist-features-10.json,source/radix/oss/mist/blocks/features/ten.tsx,previews/mist/mist-features-10.png,https://oss.tailark.com/r/radix/mist-features-10.json
block,mist,features,mist-features-11,base,registry/base/oss/mist-features-11.json,source/base/oss/mist/blocks/features/eleven.tsx,previews/mist/mist-features-11.png,https://oss.tailark.com/r/mist-features-11.json
block,mist,features,mist-features-11,radix,registry/radix/oss/mist-features-11.json,source/radix/oss/mist/blocks/features/eleven.tsx,previews/mist/mist-features-11.png,https://oss.tailark.com/r/radix/mist-features-11.json
block,mist,features,mist-features-2,base,registry/base/oss/mist-features-2.json,source/base/oss/mist/blocks/features/two.tsx,previews/mist/mist-features-2.png,https://oss.tailark.com/r/mist-features-2.json
block,mist,features,mist-features-2,radix,registry/radix/oss/mist-features-2.json,source/radix/oss/mist/blocks/features/two.tsx,previews/mist/mist-features-2.png,https://oss.tailark.com/r/radix/mist-features-2.json
block,mist,features,mist-features-3,base,registry/base/oss/mist-features-3.json,source/base/oss/mist/blocks/features/three.tsx,previews/mist/mist-features-3.png,https://oss.tailark.com/r/mist-features-3.json
block,mist,features,mist-features-3,radix,registry/radix/oss/mist-features-3.json,source/radix/oss/mist/blocks/features/three.tsx,previews/mist/mist-features-3.png,https://oss.tailark.com/r/radix/mist-features-3.json
block,mist,features,mist-features-4,base,registry/base/oss/mist-features-4.json,source/base/oss/mist/blocks/features/four.tsx,previews/mist/mist-features-4.png,https://oss.tailark.com/r/mist-features-4.json
block,mist,features,mist-features-4,radix,registry/radix/oss/mist-features-4.json,source/radix/oss/mist/blocks/features/four.tsx,previews/mist/mist-features-4.png,https://oss.tailark.com/r/radix/mist-features-4.json
block,mist,features,mist-features-5,base,registry/base/oss/mist-features-5.json,source/base/oss/mist/blocks/features/five.tsx,previews/mist/mist-features-5.png,https://oss.tailark.com/r/mist-features-5.json
block,mist,features,mist-features-5,radix,registry/radix/oss/mist-features-5.json,source/radix/oss/mist/blocks/features/five.tsx,previews/mist/mist-features-5.png,https://oss.tailark.com/r/radix/mist-features-5.json
block,mist,features,mist-features-6,base,registry/base/oss/mist-features-6.json,source/base/oss/mist/blocks/features/six.tsx,previews/mist/mist-features-6.png,https://oss.tailark.com/r/mist-features-6.json
block,mist,features,mist-features-6,radix,registry/radix/oss/mist-features-6.json,source/radix/oss/mist/blocks/features/six.tsx,previews/mist/mist-features-6.png,https://oss.tailark.com/r/radix/mist-features-6.json
block,mist,features,mist-features-7,base,registry/base/oss/mist-features-7.json,source/base/oss/mist/blocks/features/seven.tsx,previews/mist/mist-features-7.png,https://oss.tailark.com/r/mist-features-7.json
block,mist,features,mist-features-7,radix,registry/radix/oss/mist-features-7.json,source/radix/oss/mist/blocks/features/seven.tsx,previews/mist/mist-features-7.png,https://oss.tailark.com/r/radix/mist-features-7.json
block,mist,features,mist-features-8,base,registry/base/oss/mist-features-8.json,source/base/oss/mist/blocks/features/eight.tsx,previews/mist/mist-features-8.png,https://oss.tailark.com/r/mist-features-8.json
block,mist,features,mist-features-8,radix,registry/radix/oss/mist-features-8.json,source/radix/oss/mist/blocks/features/eight.tsx,previews/mist/mist-features-8.png,https://oss.tailark.com/r/radix/mist-features-8.json
block,mist,features,mist-features-9,base,registry/base/oss/mist-features-9.json,source/base/oss/mist/blocks/features/nine.tsx,previews/mist/mist-features-9.png,https://oss.tailark.com/r/mist-features-9.json
block,mist,features,mist-features-9,radix,registry/radix/oss/mist-features-9.json,source/radix/oss/mist/blocks/features/nine.tsx,previews/mist/mist-features-9.png,https://oss.tailark.com/r/radix/mist-features-9.json
block,mist,footer,mist-footer-1,base,registry/base/oss/mist-footer-1.json,source/base/oss/mist/blocks/footer/one.tsx,previews/mist/mist-footer-1.png,https://oss.tailark.com/r/mist-footer-1.json
block,mist,footer,mist-footer-1,radix,registry/radix/oss/mist-footer-1.json,source/radix/oss/mist/blocks/footer/one.tsx,previews/mist/mist-footer-1.png,https://oss.tailark.com/r/radix/mist-footer-1.json
block,mist,footer,mist-footer-2,base,registry/base/oss/mist-footer-2.json,source/base/oss/mist/blocks/footer/two.tsx,previews/mist/mist-footer-2.png,https://oss.tailark.com/r/mist-footer-2.json
block,mist,footer,mist-footer-2,radix,registry/radix/oss/mist-footer-2.json,source/radix/oss/mist/blocks/footer/two.tsx,previews/mist/mist-footer-2.png,https://oss.tailark.com/r/radix/mist-footer-2.json
block,mist,footer,mist-footer-3,base,registry/base/oss/mist-footer-3.json,source/base/oss/mist/blocks/footer/three.tsx,previews/mist/mist-footer-3.png,https://oss.tailark.com/r/mist-footer-3.json
block,mist,footer,mist-footer-3,radix,registry/radix/oss/mist-footer-3.json,source/radix/oss/mist/blocks/footer/three.tsx,previews/mist/mist-footer-3.png,https://oss.tailark.com/r/radix/mist-footer-3.json
block,mist,footer,mist-footer-4,base,registry/base/oss/mist-footer-4.json,source/base/oss/mist/blocks/footer/four.tsx,previews/mist/mist-footer-4.png,https://oss.tailark.com/r/mist-footer-4.json
block,mist,footer,mist-footer-4,radix,registry/radix/oss/mist-footer-4.json,source/radix/oss/mist/blocks/footer/four.tsx,previews/mist/mist-footer-4.png,https://oss.tailark.com/r/radix/mist-footer-4.json
block,mist,forgot-password,mist-forgot-password-1,base,registry/base/oss/mist-forgot-password-1.json,source/base/oss/mist/blocks/forgot-password/one.tsx,previews/mist/mist-forgot-password-1.png,https://oss.tailark.com/r/mist-forgot-password-1.json
block,mist,forgot-password,mist-forgot-password-1,radix,registry/radix/oss/mist-forgot-password-1.json,source/radix/oss/mist/blocks/forgot-password/one.tsx,previews/mist/mist-forgot-password-1.png,https://oss.tailark.com/r/radix/mist-forgot-password-1.json
block,mist,hero-section,mist-hero-section-1,base,registry/base/oss/mist-hero-section-1.json,source/base/oss/mist/blocks/hero-section/one/hero-section.tsx,previews/mist/mist-hero-section-1.png,https://oss.tailark.com/r/mist-hero-section-1.json
block,mist,hero-section,mist-hero-section-1,radix,registry/radix/oss/mist-hero-section-1.json,source/radix/oss/mist/blocks/hero-section/one/hero-section.tsx,previews/mist/mist-hero-section-1.png,https://oss.tailark.com/r/radix/mist-hero-section-1.json
block,mist,hero-section,mist-hero-section-2,base,registry/base/oss/mist-hero-section-2.json,source/base/oss/mist/blocks/hero-section/two/hero-section.tsx,previews/mist/mist-hero-section-2.png,https://oss.tailark.com/r/mist-hero-section-2.json
block,mist,hero-section,mist-hero-section-2,radix,registry/radix/oss/mist-hero-section-2.json,source/radix/oss/mist/blocks/hero-section/two/hero-section.tsx,previews/mist/mist-hero-section-2.png,https://oss.tailark.com/r/radix/mist-hero-section-2.json
block,mist,hero-section,mist-hero-section-3,base,registry/base/oss/mist-hero-section-3.json,source/base/oss/mist/blocks/hero-section/three/hero-section.tsx,previews/mist/mist-hero-section-3.png,https://oss.tailark.com/r/mist-hero-section-3.json
block,mist,hero-section,mist-hero-section-3,radix,registry/radix/oss/mist-hero-section-3.json,source/radix/oss/mist/blocks/hero-section/three/hero-section.tsx,previews/mist/mist-hero-section-3.png,https://oss.tailark.com/r/radix/mist-hero-section-3.json
block,mist,hero-section,mist-hero-section-4,base,registry/base/oss/mist-hero-section-4.json,source/base/oss/mist/blocks/hero-section/four/hero-section.tsx,previews/mist/mist-hero-section-4.png,https://oss.tailark.com/r/mist-hero-section-4.json
block,mist,hero-section,mist-hero-section-4,radix,registry/radix/oss/mist-hero-section-4.json,source/radix/oss/mist/blocks/hero-section/four/hero-section.tsx,previews/mist/mist-hero-section-4.png,https://oss.tailark.com/r/radix/mist-hero-section-4.json
block,mist,hero-section,mist-hero-section-5,base,registry/base/oss/mist-hero-section-5.json,source/base/oss/mist/blocks/hero-section/five.tsx,previews/mist/mist-hero-section-5.png,https://oss.tailark.com/r/mist-hero-section-5.json
block,mist,hero-section,mist-hero-section-5,radix,registry/radix/oss/mist-hero-section-5.json,source/radix/oss/mist/blocks/hero-section/five.tsx,previews/mist/mist-hero-section-5.png,https://oss.tailark.com/r/radix/mist-hero-section-5.json
block,mist,hero-section,mist-hero-section-6,base,registry/base/oss/mist-hero-section-6.json,source/base/oss/mist/blocks/hero-section/six.tsx,previews/mist/mist-hero-section-6.png,https://oss.tailark.com/r/mist-hero-section-6.json
block,mist,hero-section,mist-hero-section-6,radix,registry/radix/oss/mist-hero-section-6.json,source/radix/oss/mist/blocks/hero-section/six.tsx,previews/mist/mist-hero-section-6.png,https://oss.tailark.com/r/radix/mist-hero-section-6.json
block,mist,integrations,mist-integrations-1,base,registry/base/oss/mist-integrations-1.json,source/base/oss/mist/blocks/integrations/one.tsx,previews/mist/mist-integrations-1.png,https://oss.tailark.com/r/mist-integrations-1.json
block,mist,integrations,mist-integrations-1,radix,registry/radix/oss/mist-integrations-1.json,source/radix/oss/mist/blocks/integrations/one.tsx,previews/mist/mist-integrations-1.png,https://oss.tailark.com/r/radix/mist-integrations-1.json
block,mist,integrations,mist-integrations-2,base,registry/base/oss/mist-integrations-2.json,source/base/oss/mist/blocks/integrations/two.tsx,previews/mist/mist-integrations-2.png,https://oss.tailark.com/r/mist-integrations-2.json
block,mist,integrations,mist-integrations-2,radix,registry/radix/oss/mist-integrations-2.json,source/radix/oss/mist/blocks/integrations/two.tsx,previews/mist/mist-integrations-2.png,https://oss.tailark.com/r/radix/mist-integrations-2.json
block,mist,integrations,mist-integrations-3,base,registry/base/oss/mist-integrations-3.json,source/base/oss/mist/blocks/integrations/three.tsx,previews/mist/mist-integrations-3.png,https://oss.tailark.com/r/mist-integrations-3.json
block,mist,integrations,mist-integrations-3,radix,registry/radix/oss/mist-integrations-3.json,source/radix/oss/mist/blocks/integrations/three.tsx,previews/mist/mist-integrations-3.png,https://oss.tailark.com/r/radix/mist-integrations-3.json
block,mist,login,mist-login-1,base,registry/base/oss/mist-login-1.json,source/base/oss/mist/blocks/login/one.tsx,previews/mist/mist-login-1.png,https://oss.tailark.com/r/mist-login-1.json
block,mist,login,mist-login-1,radix,registry/radix/oss/mist-login-1.json,source/radix/oss/mist/blocks/login/one.tsx,previews/mist/mist-login-1.png,https://oss.tailark.com/r/radix/mist-login-1.json
block,mist,logo-cloud,mist-logo-cloud-1,base,registry/base/oss/mist-logo-cloud-1.json,source/base/oss/mist/blocks/logo-cloud/one.tsx,previews/mist/mist-logo-cloud-1.png,https://oss.tailark.com/r/mist-logo-cloud-1.json
block,mist,logo-cloud,mist-logo-cloud-1,radix,registry/radix/oss/mist-logo-cloud-1.json,source/radix/oss/mist/blocks/logo-cloud/one.tsx,previews/mist/mist-logo-cloud-1.png,https://oss.tailark.com/r/radix/mist-logo-cloud-1.json
block,mist,logo-cloud,mist-logo-cloud-2,base,registry/base/oss/mist-logo-cloud-2.json,source/base/oss/mist/blocks/logo-cloud/two.tsx,previews/mist/mist-logo-cloud-2.png,https://oss.tailark.com/r/mist-logo-cloud-2.json
block,mist,logo-cloud,mist-logo-cloud-2,radix,registry/radix/oss/mist-logo-cloud-2.json,source/radix/oss/mist/blocks/logo-cloud/two.tsx,previews/mist/mist-logo-cloud-2.png,https://oss.tailark.com/r/radix/mist-logo-cloud-2.json
block,mist,pricing,mist-pricing-1,base,registry/base/oss/mist-pricing-1.json,source/base/oss/mist/blocks/pricing/one.tsx,previews/mist/mist-pricing-1.png,https://oss.tailark.com/r/mist-pricing-1.json
block,mist,pricing,mist-pricing-1,radix,registry/radix/oss/mist-pricing-1.json,source/radix/oss/mist/blocks/pricing/one.tsx,previews/mist/mist-pricing-1.png,https://oss.tailark.com/r/radix/mist-pricing-1.json
block,mist,pricing,mist-pricing-2,base,registry/base/oss/mist-pricing-2.json,source/base/oss/mist/blocks/pricing/two.tsx,previews/mist/mist-pricing-2.png,https://oss.tailark.com/r/mist-pricing-2.json
block,mist,pricing,mist-pricing-2,radix,registry/radix/oss/mist-pricing-2.json,source/radix/oss/mist/blocks/pricing/two.tsx,previews/mist/mist-pricing-2.png,https://oss.tailark.com/r/radix/mist-pricing-2.json
block,mist,sign-up,mist-sign-up-1,base,registry/base/oss/mist-sign-up-1.json,source/base/oss/mist/blocks/sign-up/one.tsx,previews/mist/mist-sign-up-1.png,https://oss.tailark.com/r/mist-sign-up-1.json
block,mist,sign-up,mist-sign-up-1,radix,registry/radix/oss/mist-sign-up-1.json,source/radix/oss/mist/blocks/sign-up/one.tsx,previews/mist/mist-sign-up-1.png,https://oss.tailark.com/r/radix/mist-sign-up-1.json
block,mist,stats,mist-stats-1,base,registry/base/oss/mist-stats-1.json,source/base/oss/mist/blocks/stats/one.tsx,previews/mist/mist-stats-1.png,https://oss.tailark.com/r/mist-stats-1.json
block,mist,stats,mist-stats-1,radix,registry/radix/oss/mist-stats-1.json,source/radix/oss/mist/blocks/stats/one.tsx,previews/mist/mist-stats-1.png,https://oss.tailark.com/r/radix/mist-stats-1.json
block,mist,stats,mist-stats-2,base,registry/base/oss/mist-stats-2.json,source/base/oss/mist/blocks/stats/two.tsx,previews/mist/mist-stats-2.png,https://oss.tailark.com/r/mist-stats-2.json
block,mist,stats,mist-stats-2,radix,registry/radix/oss/mist-stats-2.json,source/radix/oss/mist/blocks/stats/two.tsx,previews/mist/mist-stats-2.png,https://oss.tailark.com/r/radix/mist-stats-2.json
block,mist,stats,mist-stats-3,base,registry/base/oss/mist-stats-3.json,source/base/oss/mist/blocks/stats/three.tsx,previews/mist/mist-stats-3.png,https://oss.tailark.com/r/mist-stats-3.json
block,mist,stats,mist-stats-3,radix,registry/radix/oss/mist-stats-3.json,source/radix/oss/mist/blocks/stats/three.tsx,previews/mist/mist-stats-3.png,https://oss.tailark.com/r/radix/mist-stats-3.json
block,mist,stats,mist-stats-4,base,registry/base/oss/mist-stats-4.json,source/base/oss/mist/blocks/stats/four.tsx,previews/mist/mist-stats-4.png,https://oss.tailark.com/r/mist-stats-4.json
block,mist,stats,mist-stats-4,radix,registry/radix/oss/mist-stats-4.json,source/radix/oss/mist/blocks/stats/four.tsx,previews/mist/mist-stats-4.png,https://oss.tailark.com/r/radix/mist-stats-4.json
block,mist,team,mist-team-1,base,registry/base/oss/mist-team-1.json,source/base/oss/mist/blocks/team/one.tsx,previews/mist/mist-team-1.png,https://oss.tailark.com/r/mist-team-1.json
block,mist,team,mist-team-1,radix,registry/radix/oss/mist-team-1.json,source/radix/oss/mist/blocks/team/one.tsx,previews/mist/mist-team-1.png,https://oss.tailark.com/r/radix/mist-team-1.json
block,mist,team,mist-team-2,base,registry/base/oss/mist-team-2.json,source/base/oss/mist/blocks/team/two.tsx,previews/mist/mist-team-2.png,https://oss.tailark.com/r/mist-team-2.json
block,mist,team,mist-team-2,radix,registry/radix/oss/mist-team-2.json,source/radix/oss/mist/blocks/team/two.tsx,previews/mist/mist-team-2.png,https://oss.tailark.com/r/radix/mist-team-2.json
block,mist,testimonials,mist-testimonials-1,base,registry/base/oss/mist-testimonials-1.json,source/base/oss/mist/blocks/testimonials/one.tsx,previews/mist/mist-testimonials-1.png,https://oss.tailark.com/r/mist-testimonials-1.json
block,mist,testimonials,mist-testimonials-1,radix,registry/radix/oss/mist-testimonials-1.json,source/radix/oss/mist/blocks/testimonials/one.tsx,previews/mist/mist-testimonials-1.png,https://oss.tailark.com/r/radix/mist-testimonials-1.json
block,mist,testimonials,mist-testimonials-2,base,registry/base/oss/mist-testimonials-2.json,source/base/oss/mist/blocks/testimonials/two.tsx,previews/mist/mist-testimonials-2.png,https://oss.tailark.com/r/mist-testimonials-2.json
block,mist,testimonials,mist-testimonials-2,radix,registry/radix/oss/mist-testimonials-2.json,source/radix/oss/mist/blocks/testimonials/two.tsx,previews/mist/mist-testimonials-2.png,https://oss.tailark.com/r/radix/mist-testimonials-2.json
block,mist,testimonials,mist-testimonials-3,base,registry/base/oss/mist-testimonials-3.json,source/base/oss/mist/blocks/testimonials/three.tsx,previews/mist/mist-testimonials-3.png,https://oss.tailark.com/r/mist-testimonials-3.json
block,mist,testimonials,mist-testimonials-3,radix,registry/radix/oss/mist-testimonials-3.json,source/radix/oss/mist/blocks/testimonials/three.tsx,previews/mist/mist-testimonials-3.png,https://oss.tailark.com/r/radix/mist-testimonials-3.json
block,mist,testimonials,mist-testimonials-4,base,registry/base/oss/mist-testimonials-4.json,source/base/oss/mist/blocks/testimonials/four.tsx,previews/mist/mist-testimonials-4.png,https://oss.tailark.com/r/mist-testimonials-4.json
block,mist,testimonials,mist-testimonials-4,radix,registry/radix/oss/mist-testimonials-4.json,source/radix/oss/mist/blocks/testimonials/four.tsx,previews/mist/mist-testimonials-4.png,https://oss.tailark.com/r/radix/mist-testimonials-4.json
block,mist,testimonials,mist-testimonials-5,base,registry/base/oss/mist-testimonials-5.json,source/base/oss/mist/blocks/testimonials/five.tsx,previews/mist/mist-testimonials-5.png,https://oss.tailark.com/r/mist-testimonials-5.json
block,mist,testimonials,mist-testimonials-5,radix,registry/radix/oss/mist-testimonials-5.json,source/radix/oss/mist/blocks/testimonials/five.tsx,previews/mist/mist-testimonials-5.png,https://oss.tailark.com/r/radix/mist-testimonials-5.json
block,quartz,open-roles,open-roles-1,base,registry/base/pro/open-roles-1.json,source/base/pro/blocks/open-roles/one/index.tsx,previews/quartz/open-roles-1.png,https://tailark.com/r/open-roles-1.json
block,quartz,open-roles,open-roles-1,radix,registry/radix/pro/open-roles-1.json,source/radix/pro/blocks/open-roles/one/index.tsx,previews/quartz/open-roles-1.png,https://tailark.com/r/radix/open-roles-1.json
block,quartz,open-roles,open-roles-2,base,registry/base/pro/open-roles-2.json,source/base/pro/blocks/open-roles/two/index.tsx,previews/quartz/open-roles-2.png,https://tailark.com/r/open-roles-2.json
block,quartz,open-roles,open-roles-2,radix,registry/radix/pro/open-roles-2.json,source/radix/pro/blocks/open-roles/two/index.tsx,previews/quartz/open-roles-2.png,https://tailark.com/r/radix/open-roles-2.json
block,quartz,open-roles,open-roles-3,base,registry/base/pro/open-roles-3.json,source/base/pro/blocks/open-roles/three/index.tsx,previews/quartz/open-roles-3.png,https://tailark.com/r/open-roles-3.json
block,quartz,open-roles,open-roles-3,radix,registry/radix/pro/open-roles-3.json,source/radix/pro/blocks/open-roles/three/index.tsx,previews/quartz/open-roles-3.png,https://tailark.com/r/radix/open-roles-3.json
block,quartz,open-roles,open-roles-4,base,registry/base/pro/open-roles-4.json,source/base/pro/blocks/open-roles/four/index.tsx,previews/quartz/open-roles-4.png,https://tailark.com/r/open-roles-4.json
block,quartz,open-roles,open-roles-4,radix,registry/radix/pro/open-roles-4.json,source/radix/pro/blocks/open-roles/four/index.tsx,previews/quartz/open-roles-4.png,https://tailark.com/r/radix/open-roles-4.json
block,quartz,open-roles,open-roles-5,base,registry/base/pro/open-roles-5.json,source/base/pro/blocks/open-roles/five/index.tsx,previews/quartz/open-roles-5.png,https://tailark.com/r/open-roles-5.json
block,quartz,open-roles,open-roles-5,radix,registry/radix/pro/open-roles-5.json,source/radix/pro/blocks/open-roles/five/index.tsx,previews/quartz/open-roles-5.png,https://tailark.com/r/radix/open-roles-5.json
block,quartz,open-roles,open-roles-6,base,registry/base/pro/open-roles-6.json,source/base/pro/blocks/open-roles/six/index.tsx,previews/quartz/open-roles-6.png,https://tailark.com/r/open-roles-6.json
block,quartz,open-roles,open-roles-6,radix,registry/radix/pro/open-roles-6.json,source/radix/pro/blocks/open-roles/six/index.tsx,previews/quartz/open-roles-6.png,https://tailark.com/r/radix/open-roles-6.json
block,quartz,open-roles,open-roles-7,base,registry/base/pro/open-roles-7.json,source/base/pro/blocks/open-roles/seven/index.tsx,previews/quartz/open-roles-7.png,https://tailark.com/r/open-roles-7.json
block,quartz,open-roles,open-roles-7,radix,registry/radix/pro/open-roles-7.json,source/radix/pro/blocks/open-roles/seven/index.tsx,previews/quartz/open-roles-7.png,https://tailark.com/r/radix/open-roles-7.json
block,quartz,pricing,pricing-1,base,registry/base/pro/pricing-1.json,source/base/pro/blocks/pricing/one/index.tsx,previews/quartz/pricing-1.png,https://tailark.com/r/pricing-1.json
block,quartz,pricing,pricing-1,radix,registry/radix/pro/pricing-1.json,source/radix/pro/blocks/pricing/one/index.tsx,previews/quartz/pricing-1.png,https://tailark.com/r/radix/pricing-1.json
block,quartz,pricing,pricing-2,base,registry/base/pro/pricing-2.json,source/base/pro/blocks/pricing/two/index.tsx,previews/quartz/pricing-2.png,https://tailark.com/r/pricing-2.json
block,quartz,pricing,pricing-2,radix,registry/radix/pro/pricing-2.json,source/radix/pro/blocks/pricing/two/index.tsx,previews/quartz/pricing-2.png,https://tailark.com/r/radix/pricing-2.json
block,quartz,pricing,pricing-3,base,registry/base/pro/pricing-3.json,source/base/pro/blocks/pricing/three/index.tsx,previews/quartz/pricing-3.png,https://tailark.com/r/pricing-3.json
block,quartz,pricing,pricing-3,radix,registry/radix/pro/pricing-3.json,source/radix/pro/blocks/pricing/three/index.tsx,previews/quartz/pricing-3.png,https://tailark.com/r/radix/pricing-3.json
block,quartz,pricing,pricing-4,base,registry/base/pro/pricing-4.json,source/base/pro/blocks/pricing/four/index.tsx,previews/quartz/pricing-4.png,https://tailark.com/r/pricing-4.json
block,quartz,pricing,pricing-4,radix,registry/radix/pro/pricing-4.json,source/radix/pro/blocks/pricing/four/index.tsx,previews/quartz/pricing-4.png,https://tailark.com/r/radix/pricing-4.json
block,quartz,pricing,pricing-5,base,registry/base/pro/pricing-5.json,source/base/pro/blocks/pricing/five/index.tsx,previews/quartz/pricing-5.png,https://tailark.com/r/pricing-5.json
block,quartz,pricing,pricing-5,radix,registry/radix/pro/pricing-5.json,source/radix/pro/blocks/pricing/five/index.tsx,previews/quartz/pricing-5.png,https://tailark.com/r/radix/pricing-5.json
block,quartz,secondary-hero,secondary-hero-1,base,registry/base/pro/secondary-hero-1.json,source/base/pro/blocks/secondary-hero/one/index.tsx;source/base/pro/blocks/secondary-hero/one/illustrations/chat.tsx,previews/quartz/secondary-hero-1.png,https://tailark.com/r/secondary-hero-1.json
block,quartz,secondary-hero,secondary-hero-1,radix,registry/radix/pro/secondary-hero-1.json,source/radix/pro/blocks/secondary-hero/one/index.tsx;source/radix/pro/blocks/secondary-hero/one/illustrations/chat.tsx,previews/quartz/secondary-hero-1.png,https://tailark.com/r/radix/secondary-hero-1.json
block,quartz,secondary-hero,secondary-hero-10,base,registry/base/pro/secondary-hero-10.json,source/base/pro/blocks/secondary-hero/ten/index.tsx,previews/quartz/secondary-hero-10.png,https://tailark.com/r/secondary-hero-10.json
block,quartz,secondary-hero,secondary-hero-10,radix,registry/radix/pro/secondary-hero-10.json,source/radix/pro/blocks/secondary-hero/ten/index.tsx,previews/quartz/secondary-hero-10.png,https://tailark.com/r/radix/secondary-hero-10.json
block,quartz,secondary-hero,secondary-hero-11,base,registry/base/pro/secondary-hero-11.json,source/base/pro/blocks/secondary-hero/eleven/index.tsx;source/base/pro/blocks/secondary-hero/eleven/illustrations/image.tsx,previews/quartz/secondary-hero-11.png,https://tailark.com/r/secondary-hero-11.json
block,quartz,secondary-hero,secondary-hero-11,radix,registry/radix/pro/secondary-hero-11.json,source/radix/pro/blocks/secondary-hero/eleven/index.tsx;source/radix/pro/blocks/secondary-hero/eleven/illustrations/image.tsx,previews/quartz/secondary-hero-11.png,https://tailark.com/r/radix/secondary-hero-11.json
block,quartz,secondary-hero,secondary-hero-12,base,registry/base/pro/secondary-hero-12.json,source/base/pro/blocks/secondary-hero/twelve/index.tsx,previews/quartz/secondary-hero-12.png,https://tailark.com/r/secondary-hero-12.json
block,quartz,secondary-hero,secondary-hero-12,radix,registry/radix/pro/secondary-hero-12.json,source/radix/pro/blocks/secondary-hero/twelve/index.tsx,previews/quartz/secondary-hero-12.png,https://tailark.com/r/radix/secondary-hero-12.json
block,quartz,secondary-hero,secondary-hero-13,base,registry/base/pro/secondary-hero-13.json,source/base/pro/blocks/secondary-hero/thirteen/index.tsx,previews/quartz/secondary-hero-13.png,https://tailark.com/r/secondary-hero-13.json
block,quartz,secondary-hero,secondary-hero-13,radix,registry/radix/pro/secondary-hero-13.json,source/radix/pro/blocks/secondary-hero/thirteen/index.tsx,previews/quartz/secondary-hero-13.png,https://tailark.com/r/radix/secondary-hero-13.json
block,quartz,secondary-hero,secondary-hero-14,base,registry/base/pro/secondary-hero-14.json,source/base/pro/blocks/secondary-hero/fourteen/index.tsx;source/base/pro/blocks/secondary-hero/fourteen/enterprise-form.tsx,previews/quartz/secondary-hero-14.png,https://tailark.com/r/secondary-hero-14.json
block,quartz,secondary-hero,secondary-hero-14,radix,registry/radix/pro/secondary-hero-14.json,source/radix/pro/blocks/secondary-hero/fourteen/index.tsx;source/radix/pro/blocks/secondary-hero/fourteen/enterprise-form.tsx,previews/quartz/secondary-hero-14.png,https://tailark.com/r/radix/secondary-hero-14.json
block,quartz,secondary-hero,secondary-hero-15,base,registry/base/pro/secondary-hero-15.json,source/base/pro/blocks/secondary-hero/fifteen/index.tsx;source/base/pro/blocks/secondary-hero/fifteen/enterprise-form.tsx,previews/quartz/secondary-hero-15.png,https://tailark.com/r/secondary-hero-15.json
block,quartz,secondary-hero,secondary-hero-15,radix,registry/radix/pro/secondary-hero-15.json,source/radix/pro/blocks/secondary-hero/fifteen/index.tsx;source/radix/pro/blocks/secondary-hero/fifteen/enterprise-form.tsx,previews/quartz/secondary-hero-15.png,https://tailark.com/r/radix/secondary-hero-15.json
block,quartz,secondary-hero,secondary-hero-16,base,registry/base/pro/secondary-hero-16.json,source/base/pro/blocks/secondary-hero/sixteen/index.tsx;source/base/pro/blocks/secondary-hero/sixteen/enterprise-form.tsx,previews/quartz/secondary-hero-16.png,https://tailark.com/r/secondary-hero-16.json
block,quartz,secondary-hero,secondary-hero-16,radix,registry/radix/pro/secondary-hero-16.json,source/radix/pro/blocks/secondary-hero/sixteen/index.tsx;source/radix/pro/blocks/secondary-hero/sixteen/enterprise-form.tsx,previews/quartz/secondary-hero-16.png,https://tailark.com/r/radix/secondary-hero-16.json
block,quartz,secondary-hero,secondary-hero-17,base,registry/base/pro/secondary-hero-17.json,source/base/pro/blocks/secondary-hero/seventeen/index.tsx,previews/quartz/secondary-hero-17.png,https://tailark.com/r/secondary-hero-17.json
block,quartz,secondary-hero,secondary-hero-17,radix,registry/radix/pro/secondary-hero-17.json,source/radix/pro/blocks/secondary-hero/seventeen/index.tsx,previews/quartz/secondary-hero-17.png,https://tailark.com/r/radix/secondary-hero-17.json
block,quartz,secondary-hero,secondary-hero-18,base,registry/base/pro/secondary-hero-18.json,source/base/pro/blocks/secondary-hero/eighteen/index.tsx,previews/quartz/secondary-hero-18.png,https://tailark.com/r/secondary-hero-18.json
block,quartz,secondary-hero,secondary-hero-18,radix,registry/radix/pro/secondary-hero-18.json,source/radix/pro/blocks/secondary-hero/eighteen/index.tsx,previews/quartz/secondary-hero-18.png,https://tailark.com/r/radix/secondary-hero-18.json
block,quartz,secondary-hero,secondary-hero-19,base,registry/base/pro/secondary-hero-19.json,source/base/pro/blocks/secondary-hero/nineteen/index.tsx,previews/quartz/secondary-hero-19.png,https://tailark.com/r/secondary-hero-19.json
block,quartz,secondary-hero,secondary-hero-19,radix,registry/radix/pro/secondary-hero-19.json,source/radix/pro/blocks/secondary-hero/nineteen/index.tsx,previews/quartz/secondary-hero-19.png,https://tailark.com/r/radix/secondary-hero-19.json
block,quartz,secondary-hero,secondary-hero-2,base,registry/base/pro/secondary-hero-2.json,source/base/pro/blocks/secondary-hero/two/index.tsx;source/base/pro/blocks/secondary-hero/two/illustrations/image.tsx,previews/quartz/secondary-hero-2.png,https://tailark.com/r/secondary-hero-2.json
block,quartz,secondary-hero,secondary-hero-2,radix,registry/radix/pro/secondary-hero-2.json,source/radix/pro/blocks/secondary-hero/two/index.tsx;source/radix/pro/blocks/secondary-hero/two/illustrations/image.tsx,previews/quartz/secondary-hero-2.png,https://tailark.com/r/radix/secondary-hero-2.json
block,quartz,secondary-hero,secondary-hero-20,base,registry/base/pro/secondary-hero-20.json,source/base/pro/blocks/secondary-hero/twenty/index.tsx;source/base/pro/blocks/secondary-hero/twenty/illustrations/hero.tsx,previews/quartz/secondary-hero-20.png,https://tailark.com/r/secondary-hero-20.json
block,quartz,secondary-hero,secondary-hero-20,radix,registry/radix/pro/secondary-hero-20.json,source/radix/pro/blocks/secondary-hero/twenty/index.tsx;source/radix/pro/blocks/secondary-hero/twenty/illustrations/hero.tsx,previews/quartz/secondary-hero-20.png,https://tailark.com/r/radix/secondary-hero-20.json
block,quartz,secondary-hero,secondary-hero-3,base,registry/base/pro/secondary-hero-3.json,source/base/pro/blocks/secondary-hero/three/index.tsx;source/base/pro/blocks/secondary-hero/three/illustrations/integrations.tsx,previews/quartz/secondary-hero-3.png,https://tailark.com/r/secondary-hero-3.json
block,quartz,secondary-hero,secondary-hero-3,radix,registry/radix/pro/secondary-hero-3.json,source/radix/pro/blocks/secondary-hero/three/index.tsx;source/radix/pro/blocks/secondary-hero/three/illustrations/integrations.tsx,previews/quartz/secondary-hero-3.png,https://tailark.com/r/radix/secondary-hero-3.json
block,quartz,secondary-hero,secondary-hero-4,base,registry/base/pro/secondary-hero-4.json,source/base/pro/blocks/secondary-hero/four/index.tsx;source/base/pro/blocks/secondary-hero/four/illustrations/image.tsx,previews/quartz/secondary-hero-4.png,https://tailark.com/r/secondary-hero-4.json
block,quartz,secondary-hero,secondary-hero-4,radix,registry/radix/pro/secondary-hero-4.json,source/radix/pro/blocks/secondary-hero/four/index.tsx;source/radix/pro/blocks/secondary-hero/four/illustrations/image.tsx,previews/quartz/secondary-hero-4.png,https://tailark.com/r/radix/secondary-hero-4.json
block,quartz,secondary-hero,secondary-hero-5,base,registry/base/pro/secondary-hero-5.json,source/base/pro/blocks/secondary-hero/five/index.tsx;source/base/pro/blocks/secondary-hero/five/header.tsx;source/base/pro/blocks/secondary-hero/five/illustrations/product.tsx;source/base/pro/blocks/secondary-hero/five/illustrations/table.tsx,previews/quartz/secondary-hero-5.png,https://tailark.com/r/secondary-hero-5.json
block,quartz,secondary-hero,secondary-hero-5,radix,registry/radix/pro/secondary-hero-5.json,source/radix/pro/blocks/secondary-hero/five/index.tsx;source/radix/pro/blocks/secondary-hero/five/header.tsx;source/radix/pro/blocks/secondary-hero/five/illustrations/product.tsx;source/radix/pro/blocks/secondary-hero/five/illustrations/table.tsx,previews/quartz/secondary-hero-5.png,https://tailark.com/r/radix/secondary-hero-5.json
block,quartz,secondary-hero,secondary-hero-6,base,registry/base/pro/secondary-hero-6.json,source/base/pro/blocks/secondary-hero/six/index.tsx;source/base/pro/blocks/secondary-hero/six/logo-cloud.tsx;source/base/pro/blocks/secondary-hero/six/illustrations/document.tsx;source/base/pro/blocks/secondary-hero/six/illustrations/flow.tsx;source/base/pro/blocks/secondary-hero/six/illustrations/invoice.tsx,previews/quartz/secondary-hero-6.png,https://tailark.com/r/secondary-hero-6.json
block,quartz,secondary-hero,secondary-hero-6,radix,registry/radix/pro/secondary-hero-6.json,source/radix/pro/blocks/secondary-hero/six/index.tsx;source/radix/pro/blocks/secondary-hero/six/logo-cloud.tsx;source/radix/pro/blocks/secondary-hero/six/illustrations/document.tsx;source/radix/pro/blocks/secondary-hero/six/illustrations/flow.tsx;source/radix/pro/blocks/secondary-hero/six/illustrations/invoice.tsx,previews/quartz/secondary-hero-6.png,https://tailark.com/r/radix/secondary-hero-6.json
block,quartz,secondary-hero,secondary-hero-7,base,registry/base/pro/secondary-hero-7.json,source/base/pro/blocks/secondary-hero/seven/index.tsx;source/base/pro/blocks/secondary-hero/seven/illustrations/hero.tsx,previews/quartz/secondary-hero-7.png,https://tailark.com/r/secondary-hero-7.json
block,quartz,secondary-hero,secondary-hero-7,radix,registry/radix/pro/secondary-hero-7.json,source/radix/pro/blocks/secondary-hero/seven/index.tsx;source/radix/pro/blocks/secondary-hero/seven/illustrations/hero.tsx,previews/quartz/secondary-hero-7.png,https://tailark.com/r/radix/secondary-hero-7.json
block,quartz,secondary-hero,secondary-hero-8,base,registry/base/pro/secondary-hero-8.json,source/base/pro/blocks/secondary-hero/eight/index.tsx,previews/quartz/secondary-hero-8.png,https://tailark.com/r/secondary-hero-8.json
block,quartz,secondary-hero,secondary-hero-8,radix,registry/radix/pro/secondary-hero-8.json,source/radix/pro/blocks/secondary-hero/eight/index.tsx,previews/quartz/secondary-hero-8.png,https://tailark.com/r/radix/secondary-hero-8.json
block,quartz,secondary-hero,secondary-hero-9,base,registry/base/pro/secondary-hero-9.json,source/base/pro/blocks/secondary-hero/nine/index.tsx,previews/quartz/secondary-hero-9.png,https://tailark.com/r/secondary-hero-9.json
block,quartz,secondary-hero,secondary-hero-9,radix,registry/radix/pro/secondary-hero-9.json,source/radix/pro/blocks/secondary-hero/nine/index.tsx,previews/quartz/secondary-hero-9.png,https://tailark.com/r/radix/secondary-hero-9.json
block,quartz,sign-up,sign-up-1,base,registry/base/pro/sign-up-1.json,source/base/pro/blocks/sign-up/one/index.tsx,previews/quartz/sign-up-1.png,https://tailark.com/r/sign-up-1.json
block,quartz,sign-up,sign-up-1,radix,registry/radix/pro/sign-up-1.json,source/radix/pro/blocks/sign-up/one/index.tsx,previews/quartz/sign-up-1.png,https://tailark.com/r/radix/sign-up-1.json
block,quartz,sign-up,sign-up-10,base,registry/base/pro/sign-up-10.json,source/base/pro/blocks/sign-up/ten/index.tsx,previews/quartz/sign-up-10.png,https://tailark.com/r/sign-up-10.json
block,quartz,sign-up,sign-up-10,radix,registry/radix/pro/sign-up-10.json,source/radix/pro/blocks/sign-up/ten/index.tsx,previews/quartz/sign-up-10.png,https://tailark.com/r/radix/sign-up-10.json
block,quartz,sign-up,sign-up-11,base,registry/base/pro/sign-up-11.json,source/base/pro/blocks/sign-up/eleven/index.tsx,previews/quartz/sign-up-11.png,https://tailark.com/r/sign-up-11.json
block,quartz,sign-up,sign-up-11,radix,registry/radix/pro/sign-up-11.json,source/radix/pro/blocks/sign-up/eleven/index.tsx,previews/quartz/sign-up-11.png,https://tailark.com/r/radix/sign-up-11.json
block,quartz,sign-up,sign-up-2,base,registry/base/pro/sign-up-2.json,source/base/pro/blocks/sign-up/two/index.tsx,previews/quartz/sign-up-2.png,https://tailark.com/r/sign-up-2.json
block,quartz,sign-up,sign-up-2,radix,registry/radix/pro/sign-up-2.json,source/radix/pro/blocks/sign-up/two/index.tsx,previews/quartz/sign-up-2.png,https://tailark.com/r/radix/sign-up-2.json
block,quartz,sign-up,sign-up-3,base,registry/base/pro/sign-up-3.json,source/base/pro/blocks/sign-up/three/index.tsx,previews/quartz/sign-up-3.png,https://tailark.com/r/sign-up-3.json
block,quartz,sign-up,sign-up-3,radix,registry/radix/pro/sign-up-3.json,source/radix/pro/blocks/sign-up/three/index.tsx,previews/quartz/sign-up-3.png,https://tailark.com/r/radix/sign-up-3.json
block,quartz,sign-up,sign-up-4,base,registry/base/pro/sign-up-4.json,source/base/pro/blocks/sign-up/four/index.tsx,previews/quartz/sign-up-4.png,https://tailark.com/r/sign-up-4.json
block,quartz,sign-up,sign-up-4,radix,registry/radix/pro/sign-up-4.json,source/radix/pro/blocks/sign-up/four/index.tsx,previews/quartz/sign-up-4.png,https://tailark.com/r/radix/sign-up-4.json
block,quartz,sign-up,sign-up-5,base,registry/base/pro/sign-up-5.json,source/base/pro/blocks/sign-up/five/index.tsx,previews/quartz/sign-up-5.png,https://tailark.com/r/sign-up-5.json
block,quartz,sign-up,sign-up-5,radix,registry/radix/pro/sign-up-5.json,source/radix/pro/blocks/sign-up/five/index.tsx,previews/quartz/sign-up-5.png,https://tailark.com/r/radix/sign-up-5.json
block,quartz,sign-up,sign-up-6,base,registry/base/pro/sign-up-6.json,source/base/pro/blocks/sign-up/six/index.tsx,previews/quartz/sign-up-6.png,https://tailark.com/r/sign-up-6.json
block,quartz,sign-up,sign-up-6,radix,registry/radix/pro/sign-up-6.json,source/radix/pro/blocks/sign-up/six/index.tsx,previews/quartz/sign-up-6.png,https://tailark.com/r/radix/sign-up-6.json
block,quartz,sign-up,sign-up-7,base,registry/base/pro/sign-up-7.json,source/base/pro/blocks/sign-up/seven/index.tsx,previews/quartz/sign-up-7.png,https://tailark.com/r/sign-up-7.json
block,quartz,sign-up,sign-up-7,radix,registry/radix/pro/sign-up-7.json,source/radix/pro/blocks/sign-up/seven/index.tsx,previews/quartz/sign-up-7.png,https://tailark.com/r/radix/sign-up-7.json
block,quartz,sign-up,sign-up-8,base,registry/base/pro/sign-up-8.json,source/base/pro/blocks/sign-up/eight/index.tsx,previews/quartz/sign-up-8.png,https://tailark.com/r/sign-up-8.json
block,quartz,sign-up,sign-up-8,radix,registry/radix/pro/sign-up-8.json,source/radix/pro/blocks/sign-up/eight/index.tsx,previews/quartz/sign-up-8.png,https://tailark.com/r/radix/sign-up-8.json
block,quartz,sign-up,sign-up-9,base,registry/base/pro/sign-up-9.json,source/base/pro/blocks/sign-up/nine/index.tsx,previews/quartz/sign-up-9.png,https://tailark.com/r/sign-up-9.json
block,quartz,sign-up,sign-up-9,radix,registry/radix/pro/sign-up-9.json,source/radix/pro/blocks/sign-up/nine/index.tsx,previews/quartz/sign-up-9.png,https://tailark.com/r/radix/sign-up-9.json
block,quartz,stats,stats-1,base,registry/base/pro/stats-1.json,source/base/pro/blocks/stats/one/index.tsx,previews/quartz/stats-1.png,https://tailark.com/r/stats-1.json
block,quartz,stats,stats-1,radix,registry/radix/pro/stats-1.json,source/radix/pro/blocks/stats/one/index.tsx,previews/quartz/stats-1.png,https://tailark.com/r/radix/stats-1.json
block,quartz,stats,stats-2,base,registry/base/pro/stats-2.json,source/base/pro/blocks/stats/two/index.tsx;source/base/pro/blocks/stats/two/map.tsx,previews/quartz/stats-2.png,https://tailark.com/r/stats-2.json
block,quartz,stats,stats-2,radix,registry/radix/pro/stats-2.json,source/radix/pro/blocks/stats/two/index.tsx;source/radix/pro/blocks/stats/two/map.tsx,previews/quartz/stats-2.png,https://tailark.com/r/radix/stats-2.json
block,quartz,stats,stats-3,base,registry/base/pro/stats-3.json,source/base/pro/blocks/stats/three/index.tsx,previews/quartz/stats-3.png,https://tailark.com/r/stats-3.json
block,quartz,stats,stats-3,radix,registry/radix/pro/stats-3.json,source/radix/pro/blocks/stats/three/index.tsx,previews/quartz/stats-3.png,https://tailark.com/r/radix/stats-3.json
block,quartz,stats,stats-4,base,registry/base/pro/stats-4.json,source/base/pro/blocks/stats/four/index.tsx,previews/quartz/stats-4.png,https://tailark.com/r/stats-4.json
block,quartz,stats,stats-4,radix,registry/radix/pro/stats-4.json,source/radix/pro/blocks/stats/four/index.tsx,previews/quartz/stats-4.png,https://tailark.com/r/radix/stats-4.json
block,quartz,stats,stats-5,base,registry/base/pro/stats-5.json,source/base/pro/blocks/stats/five/index.tsx,previews/quartz/stats-5.png,https://tailark.com/r/stats-5.json
block,quartz,stats,stats-5,radix,registry/radix/pro/stats-5.json,source/radix/pro/blocks/stats/five/index.tsx,previews/quartz/stats-5.png,https://tailark.com/r/radix/stats-5.json
block,quartz,stats,stats-6,base,registry/base/pro/stats-6.json,source/base/pro/blocks/stats/six/index.tsx,previews/quartz/stats-6.png,https://tailark.com/r/stats-6.json
block,quartz,stats,stats-6,radix,registry/radix/pro/stats-6.json,source/radix/pro/blocks/stats/six/index.tsx,previews/quartz/stats-6.png,https://tailark.com/r/radix/stats-6.json
block,quartz,stats,stats-7,base,registry/base/pro/stats-7.json,source/base/pro/blocks/stats/seven/index.tsx;source/base/pro/blocks/stats/seven/map.tsx,previews/quartz/stats-7.png,https://tailark.com/r/stats-7.json
block,quartz,stats,stats-7,radix,registry/radix/pro/stats-7.json,source/radix/pro/blocks/stats/seven/index.tsx;source/radix/pro/blocks/stats/seven/map.tsx,previews/quartz/stats-7.png,https://tailark.com/r/radix/stats-7.json
block,quartz,stats,stats-8,base,registry/base/pro/stats-8.json,source/base/pro/blocks/stats/eight/index.tsx;source/base/pro/blocks/stats/eight/map.tsx,previews/quartz/stats-8.png,https://tailark.com/r/stats-8.json
block,quartz,stats,stats-8,radix,registry/radix/pro/stats-8.json,source/radix/pro/blocks/stats/eight/index.tsx;source/radix/pro/blocks/stats/eight/map.tsx,previews/quartz/stats-8.png,https://tailark.com/r/radix/stats-8.json
block,quartz,team,team-1,base,registry/base/pro/team-1.json,source/base/pro/blocks/team/one/index.tsx,previews/quartz/team-1.png,https://tailark.com/r/team-1.json
block,quartz,team,team-1,radix,registry/radix/pro/team-1.json,source/radix/pro/blocks/team/one/index.tsx,previews/quartz/team-1.png,https://tailark.com/r/radix/team-1.json
block,quartz,team,team-10,base,registry/base/pro/team-10.json,source/base/pro/blocks/team/ten/index.tsx,previews/quartz/team-10.png,https://tailark.com/r/team-10.json
block,quartz,team,team-10,radix,registry/radix/pro/team-10.json,source/radix/pro/blocks/team/ten/index.tsx,previews/quartz/team-10.png,https://tailark.com/r/radix/team-10.json
block,quartz,team,team-11,base,registry/base/pro/team-11.json,source/base/pro/blocks/team/eleven/index.tsx,previews/quartz/team-11.png,https://tailark.com/r/team-11.json
block,quartz,team,team-11,radix,registry/radix/pro/team-11.json,source/radix/pro/blocks/team/eleven/index.tsx,previews/quartz/team-11.png,https://tailark.com/r/radix/team-11.json
block,quartz,team,team-12,base,registry/base/pro/team-12.json,source/base/pro/blocks/team/twelve/index.tsx,previews/quartz/team-12.png,https://tailark.com/r/team-12.json
block,quartz,team,team-12,radix,registry/radix/pro/team-12.json,source/radix/pro/blocks/team/twelve/index.tsx,previews/quartz/team-12.png,https://tailark.com/r/radix/team-12.json
block,quartz,team,team-13,base,registry/base/pro/team-13.json,source/base/pro/blocks/team/thirteen/index.tsx,previews/quartz/team-13.png,https://tailark.com/r/team-13.json
block,quartz,team,team-13,radix,registry/radix/pro/team-13.json,source/radix/pro/blocks/team/thirteen/index.tsx,previews/quartz/team-13.png,https://tailark.com/r/radix/team-13.json
block,quartz,team,team-14,base,registry/base/pro/team-14.json,source/base/pro/blocks/team/fourteen/index.tsx,previews/quartz/team-14.png,https://tailark.com/r/team-14.json
block,quartz,team,team-14,radix,registry/radix/pro/team-14.json,source/radix/pro/blocks/team/fourteen/index.tsx,previews/quartz/team-14.png,https://tailark.com/r/radix/team-14.json
block,quartz,team,team-15,base,registry/base/pro/team-15.json,source/base/pro/blocks/team/fifteen/index.tsx,previews/quartz/team-15.png,https://tailark.com/r/team-15.json
block,quartz,team,team-15,radix,registry/radix/pro/team-15.json,source/radix/pro/blocks/team/fifteen/index.tsx,previews/quartz/team-15.png,https://tailark.com/r/radix/team-15.json
block,quartz,team,team-16,base,registry/base/pro/team-16.json,source/base/pro/blocks/team/sixteen/index.tsx,previews/quartz/team-16.png,https://tailark.com/r/team-16.json
block,quartz,team,team-16,radix,registry/radix/pro/team-16.json,source/radix/pro/blocks/team/sixteen/index.tsx,previews/quartz/team-16.png,https://tailark.com/r/radix/team-16.json
block,quartz,team,team-2,base,registry/base/pro/team-2.json,source/base/pro/blocks/team/two/index.tsx,previews/quartz/team-2.png,https://tailark.com/r/team-2.json
block,quartz,team,team-2,radix,registry/radix/pro/team-2.json,source/radix/pro/blocks/team/two/index.tsx,previews/quartz/team-2.png,https://tailark.com/r/radix/team-2.json
block,quartz,team,team-3,base,registry/base/pro/team-3.json,source/base/pro/blocks/team/three/index.tsx,previews/quartz/team-3.png,https://tailark.com/r/team-3.json
block,quartz,team,team-3,radix,registry/radix/pro/team-3.json,source/radix/pro/blocks/team/three/index.tsx,previews/quartz/team-3.png,https://tailark.com/r/radix/team-3.json
block,quartz,team,team-4,base,registry/base/pro/team-4.json,source/base/pro/blocks/team/four/index.tsx,previews/quartz/team-4.png,https://tailark.com/r/team-4.json
block,quartz,team,team-4,radix,registry/radix/pro/team-4.json,source/radix/pro/blocks/team/four/index.tsx,previews/quartz/team-4.png,https://tailark.com/r/radix/team-4.json
block,quartz,team,team-5,base,registry/base/pro/team-5.json,source/base/pro/blocks/team/five/index.tsx,previews/quartz/team-5.png,https://tailark.com/r/team-5.json
block,quartz,team,team-5,radix,registry/radix/pro/team-5.json,source/radix/pro/blocks/team/five/index.tsx,previews/quartz/team-5.png,https://tailark.com/r/radix/team-5.json
block,quartz,team,team-6,base,registry/base/pro/team-6.json,source/base/pro/blocks/team/six/index.tsx,previews/quartz/team-6.png,https://tailark.com/r/team-6.json
block,quartz,team,team-6,radix,registry/radix/pro/team-6.json,source/radix/pro/blocks/team/six/index.tsx,previews/quartz/team-6.png,https://tailark.com/r/radix/team-6.json
block,quartz,team,team-7,base,registry/base/pro/team-7.json,source/base/pro/blocks/team/seven/index.tsx,previews/quartz/team-7.png,https://tailark.com/r/team-7.json
block,quartz,team,team-7,radix,registry/radix/pro/team-7.json,source/radix/pro/blocks/team/seven/index.tsx,previews/quartz/team-7.png,https://tailark.com/r/radix/team-7.json
block,quartz,team,team-8,base,registry/base/pro/team-8.json,source/base/pro/blocks/team/eight/index.tsx,previews/quartz/team-8.png,https://tailark.com/r/team-8.json
block,quartz,team,team-8,radix,registry/radix/pro/team-8.json,source/radix/pro/blocks/team/eight/index.tsx,previews/quartz/team-8.png,https://tailark.com/r/radix/team-8.json
block,quartz,team,team-9,base,registry/base/pro/team-9.json,source/base/pro/blocks/team/nine/index.tsx,previews/quartz/team-9.png,https://tailark.com/r/team-9.json
block,quartz,team,team-9,radix,registry/radix/pro/team-9.json,source/radix/pro/blocks/team/nine/index.tsx,previews/quartz/team-9.png,https://tailark.com/r/radix/team-9.json
block,quartz,testimonials,testimonials-1,base,registry/base/pro/testimonials-1.json,source/base/pro/blocks/testimonials/one/index.tsx;source/base/pro/blocks/testimonials/one/logo-button.tsx,previews/quartz/testimonials-1.png,https://tailark.com/r/testimonials-1.json
block,quartz,testimonials,testimonials-1,radix,registry/radix/pro/testimonials-1.json,source/radix/pro/blocks/testimonials/one/index.tsx;source/radix/pro/blocks/testimonials/one/logo-button.tsx,previews/quartz/testimonials-1.png,https://tailark.com/r/radix/testimonials-1.json
block,quartz,testimonials,testimonials-2,base,registry/base/pro/testimonials-2.json,source/base/pro/blocks/testimonials/two/index.tsx,previews/quartz/testimonials-2.png,https://tailark.com/r/testimonials-2.json
block,quartz,testimonials,testimonials-2,radix,registry/radix/pro/testimonials-2.json,source/radix/pro/blocks/testimonials/two/index.tsx,previews/quartz/testimonials-2.png,https://tailark.com/r/radix/testimonials-2.json
block,quartz,testimonials,testimonials-3,base,registry/base/pro/testimonials-3.json,source/base/pro/blocks/testimonials/three/index.tsx,previews/quartz/testimonials-3.png,https://tailark.com/r/testimonials-3.json
block,quartz,testimonials,testimonials-3,radix,registry/radix/pro/testimonials-3.json,source/radix/pro/blocks/testimonials/three/index.tsx,previews/quartz/testimonials-3.png,https://tailark.com/r/radix/testimonials-3.json
block,quartz,testimonials,testimonials-4,base,registry/base/pro/testimonials-4.json,source/base/pro/blocks/testimonials/four/index.tsx,previews/quartz/testimonials-4.png,https://tailark.com/r/testimonials-4.json
block,quartz,testimonials,testimonials-4,radix,registry/radix/pro/testimonials-4.json,source/radix/pro/blocks/testimonials/four/index.tsx,previews/quartz/testimonials-4.png,https://tailark.com/r/radix/testimonials-4.json
block,quartz,testimonials,testimonials-5,base,registry/base/pro/testimonials-5.json,source/base/pro/blocks/testimonials/five/index.tsx,previews/quartz/testimonials-5.png,https://tailark.com/r/testimonials-5.json
block,quartz,testimonials,testimonials-5,radix,registry/radix/pro/testimonials-5.json,source/radix/pro/blocks/testimonials/five/index.tsx,previews/quartz/testimonials-5.png,https://tailark.com/r/radix/testimonials-5.json
block,quartz,testimonials,testimonials-6,base,registry/base/pro/testimonials-6.json,source/base/pro/blocks/testimonials/six/index.tsx,previews/quartz/testimonials-6.png,https://tailark.com/r/testimonials-6.json
block,quartz,testimonials,testimonials-6,radix,registry/radix/pro/testimonials-6.json,source/radix/pro/blocks/testimonials/six/index.tsx,previews/quartz/testimonials-6.png,https://tailark.com/r/radix/testimonials-6.json
block,quartz,testimonials,testimonials-7,base,registry/base/pro/testimonials-7.json,source/base/pro/blocks/testimonials/seven/index.tsx,previews/quartz/testimonials-7.png,https://tailark.com/r/testimonials-7.json
block,quartz,testimonials,testimonials-7,radix,registry/radix/pro/testimonials-7.json,source/radix/pro/blocks/testimonials/seven/index.tsx,previews/quartz/testimonials-7.png,https://tailark.com/r/radix/testimonials-7.json
block,quartz,testimonials,testimonials-8,base,registry/base/pro/testimonials-8.json,source/base/pro/blocks/testimonials/eight/index.tsx,previews/quartz/testimonials-8.png,https://tailark.com/r/testimonials-8.json
block,quartz,testimonials,testimonials-8,radix,registry/radix/pro/testimonials-8.json,source/radix/pro/blocks/testimonials/eight/index.tsx,previews/quartz/testimonials-8.png,https://tailark.com/r/radix/testimonials-8.json
block,veil,call-to-action,veil-call-to-action-1,base,registry/base/oss/veil-call-to-action-1.json,source/base/oss/veil/blocks/call-to-action/one.tsx,previews/veil/veil-call-to-action-1.png,https://oss.tailark.com/r/veil-call-to-action-1.json
block,veil,call-to-action,veil-call-to-action-1,radix,registry/radix/oss/veil-call-to-action-1.json,source/radix/oss/veil/blocks/call-to-action/one.tsx,previews/veil/veil-call-to-action-1.png,https://oss.tailark.com/r/radix/veil-call-to-action-1.json
block,veil,call-to-action,veil-call-to-action-2,base,registry/base/oss/veil-call-to-action-2.json,source/base/oss/veil/blocks/call-to-action/two.tsx,previews/veil/veil-call-to-action-2.png,https://oss.tailark.com/r/veil-call-to-action-2.json
block,veil,call-to-action,veil-call-to-action-2,radix,registry/radix/oss/veil-call-to-action-2.json,source/radix/oss/veil/blocks/call-to-action/two.tsx,previews/veil/veil-call-to-action-2.png,https://oss.tailark.com/r/radix/veil-call-to-action-2.json
block,veil,call-to-action,veil-call-to-action-3,base,registry/base/oss/veil-call-to-action-3.json,source/base/oss/veil/blocks/call-to-action/three.tsx,previews/veil/veil-call-to-action-3.png,https://oss.tailark.com/r/veil-call-to-action-3.json
block,veil,call-to-action,veil-call-to-action-3,radix,registry/radix/oss/veil-call-to-action-3.json,source/radix/oss/veil/blocks/call-to-action/three.tsx,previews/veil/veil-call-to-action-3.png,https://oss.tailark.com/r/radix/veil-call-to-action-3.json
block,veil,call-to-action,veil-call-to-action-4,base,registry/base/oss/veil-call-to-action-4.json,source/base/oss/veil/blocks/call-to-action/four.tsx,previews/veil/veil-call-to-action-4.png,https://oss.tailark.com/r/veil-call-to-action-4.json
block,veil,call-to-action,veil-call-to-action-4,radix,registry/radix/oss/veil-call-to-action-4.json,source/radix/oss/veil/blocks/call-to-action/four.tsx,previews/veil/veil-call-to-action-4.png,https://oss.tailark.com/r/radix/veil-call-to-action-4.json
block,veil,comparator,veil-comparator-1,base,registry/base/oss/veil-comparator-1.json,source/base/oss/veil/blocks/comparator/one.tsx,previews/veil/veil-comparator-1.png,https://oss.tailark.com/r/veil-comparator-1.json
block,veil,comparator,veil-comparator-1,radix,registry/radix/oss/veil-comparator-1.json,source/radix/oss/veil/blocks/comparator/one.tsx,previews/veil/veil-comparator-1.png,https://oss.tailark.com/r/radix/veil-comparator-1.json
block,veil,comparator,veil-comparator-2,base,registry/base/oss/veil-comparator-2.json,source/base/oss/veil/blocks/comparator/two.tsx,previews/veil/veil-comparator-2.png,https://oss.tailark.com/r/veil-comparator-2.json
block,veil,comparator,veil-comparator-2,radix,registry/radix/oss/veil-comparator-2.json,source/radix/oss/veil/blocks/comparator/two.tsx,previews/veil/veil-comparator-2.png,https://oss.tailark.com/r/radix/veil-comparator-2.json
block,veil,comparator,veil-comparator-3,base,registry/base/oss/veil-comparator-3.json,source/base/oss/veil/blocks/comparator/three.tsx,previews/veil/veil-comparator-3.png,https://oss.tailark.com/r/veil-comparator-3.json
block,veil,comparator,veil-comparator-3,radix,registry/radix/oss/veil-comparator-3.json,source/radix/oss/veil/blocks/comparator/three.tsx,previews/veil/veil-comparator-3.png,https://oss.tailark.com/r/radix/veil-comparator-3.json
block,veil,contact,veil-contact-1,base,registry/base/oss/veil-contact-1.json,source/base/oss/veil/blocks/contact/one.tsx,previews/veil/veil-contact-1.png,https://oss.tailark.com/r/veil-contact-1.json
block,veil,contact,veil-contact-1,radix,registry/radix/oss/veil-contact-1.json,source/radix/oss/veil/blocks/contact/one.tsx,previews/veil/veil-contact-1.png,https://oss.tailark.com/r/radix/veil-contact-1.json
block,veil,contact,veil-contact-2,base,registry/base/oss/veil-contact-2.json,source/base/oss/veil/blocks/contact/two.tsx,previews/veil/veil-contact-2.png,https://oss.tailark.com/r/veil-contact-2.json
block,veil,contact,veil-contact-2,radix,registry/radix/oss/veil-contact-2.json,source/radix/oss/veil/blocks/contact/two.tsx,previews/veil/veil-contact-2.png,https://oss.tailark.com/r/radix/veil-contact-2.json
block,veil,content,veil-content-1,base,registry/base/oss/veil-content-1.json,source/base/oss/veil/blocks/content/one.tsx,previews/veil/veil-content-1.png,https://oss.tailark.com/r/veil-content-1.json
block,veil,content,veil-content-1,radix,registry/radix/oss/veil-content-1.json,source/radix/oss/veil/blocks/content/one.tsx,previews/veil/veil-content-1.png,https://oss.tailark.com/r/radix/veil-content-1.json
block,veil,content,veil-content-2,base,registry/base/oss/veil-content-2.json,source/base/oss/veil/blocks/content/two.tsx,previews/veil/veil-content-2.png,https://oss.tailark.com/r/veil-content-2.json
block,veil,content,veil-content-2,radix,registry/radix/oss/veil-content-2.json,source/radix/oss/veil/blocks/content/two.tsx,previews/veil/veil-content-2.png,https://oss.tailark.com/r/radix/veil-content-2.json
block,veil,content,veil-content-3,base,registry/base/oss/veil-content-3.json,source/base/oss/veil/blocks/content/three.tsx,previews/veil/veil-content-3.png,https://oss.tailark.com/r/veil-content-3.json
block,veil,content,veil-content-3,radix,registry/radix/oss/veil-content-3.json,source/radix/oss/veil/blocks/content/three.tsx,previews/veil/veil-content-3.png,https://oss.tailark.com/r/radix/veil-content-3.json
block,veil,faqs,veil-faqs-1,base,registry/base/oss/veil-faqs-1.json,source/base/oss/veil/blocks/faqs/one.tsx,previews/veil/veil-faqs-1.png,https://oss.tailark.com/r/veil-faqs-1.json
block,veil,faqs,veil-faqs-1,radix,registry/radix/oss/veil-faqs-1.json,source/radix/oss/veil/blocks/faqs/one.tsx,previews/veil/veil-faqs-1.png,https://oss.tailark.com/r/radix/veil-faqs-1.json
block,veil,faqs,veil-faqs-2,base,registry/base/oss/veil-faqs-2.json,source/base/oss/veil/blocks/faqs/two.tsx,previews/veil/veil-faqs-2.png,https://oss.tailark.com/r/veil-faqs-2.json
block,veil,faqs,veil-faqs-2,radix,registry/radix/oss/veil-faqs-2.json,source/radix/oss/veil/blocks/faqs/two.tsx,previews/veil/veil-faqs-2.png,https://oss.tailark.com/r/radix/veil-faqs-2.json
block,veil,faqs,veil-faqs-3,base,registry/base/oss/veil-faqs-3.json,source/base/oss/veil/blocks/faqs/three.tsx,previews/veil/veil-faqs-3.png,https://oss.tailark.com/r/veil-faqs-3.json
block,veil,faqs,veil-faqs-3,radix,registry/radix/oss/veil-faqs-3.json,source/radix/oss/veil/blocks/faqs/three.tsx,previews/veil/veil-faqs-3.png,https://oss.tailark.com/r/radix/veil-faqs-3.json
block,veil,faqs,veil-faqs-4,base,registry/base/oss/veil-faqs-4.json,source/base/oss/veil/blocks/faqs/four.tsx,previews/veil/veil-faqs-4.png,https://oss.tailark.com/r/veil-faqs-4.json
block,veil,faqs,veil-faqs-4,radix,registry/radix/oss/veil-faqs-4.json,source/radix/oss/veil/blocks/faqs/four.tsx,previews/veil/veil-faqs-4.png,https://oss.tailark.com/r/radix/veil-faqs-4.json
block,veil,faqs,veil-faqs-5,base,registry/base/oss/veil-faqs-5.json,source/base/oss/veil/blocks/faqs/five.tsx,previews/veil/veil-faqs-5.png,https://oss.tailark.com/r/veil-faqs-5.json
block,veil,faqs,veil-faqs-5,radix,registry/radix/oss/veil-faqs-5.json,source/radix/oss/veil/blocks/faqs/five.tsx,previews/veil/veil-faqs-5.png,https://oss.tailark.com/r/radix/veil-faqs-5.json
block,veil,features,veil-features-1,base,registry/base/oss/veil-features-1.json,source/base/oss/veil/blocks/features/one.tsx,previews/veil/veil-features-1.png,https://oss.tailark.com/r/veil-features-1.json
block,veil,features,veil-features-1,radix,registry/radix/oss/veil-features-1.json,source/radix/oss/veil/blocks/features/one.tsx,previews/veil/veil-features-1.png,https://oss.tailark.com/r/radix/veil-features-1.json
block,veil,features,veil-features-2,base,registry/base/oss/veil-features-2.json,source/base/oss/veil/blocks/features/two.tsx,previews/veil/veil-features-2.png,https://oss.tailark.com/r/veil-features-2.json
block,veil,features,veil-features-2,radix,registry/radix/oss/veil-features-2.json,source/radix/oss/veil/blocks/features/two.tsx,previews/veil/veil-features-2.png,https://oss.tailark.com/r/radix/veil-features-2.json
block,veil,features,veil-features-3,base,registry/base/oss/veil-features-3.json,source/base/oss/veil/blocks/features/three.tsx,previews/veil/veil-features-3.png,https://oss.tailark.com/r/veil-features-3.json
block,veil,features,veil-features-3,radix,registry/radix/oss/veil-features-3.json,source/radix/oss/veil/blocks/features/three.tsx,previews/veil/veil-features-3.png,https://oss.tailark.com/r/radix/veil-features-3.json
block,veil,footer,veil-footer-1,base,registry/base/oss/veil-footer-1.json,source/base/oss/veil/blocks/footer/one.tsx,previews/veil/veil-footer-1.png,https://oss.tailark.com/r/veil-footer-1.json
block,veil,footer,veil-footer-1,radix,registry/radix/oss/veil-footer-1.json,source/radix/oss/veil/blocks/footer/one.tsx,previews/veil/veil-footer-1.png,https://oss.tailark.com/r/radix/veil-footer-1.json
block,veil,footer,veil-footer-2,base,registry/base/oss/veil-footer-2.json,source/base/oss/veil/blocks/footer/two.tsx,previews/veil/veil-footer-2.png,https://oss.tailark.com/r/veil-footer-2.json
block,veil,footer,veil-footer-2,radix,registry/radix/oss/veil-footer-2.json,source/radix/oss/veil/blocks/footer/two.tsx,previews/veil/veil-footer-2.png,https://oss.tailark.com/r/radix/veil-footer-2.json
block,veil,footer,veil-footer-3,base,registry/base/oss/veil-footer-3.json,source/base/oss/veil/blocks/footer/three.tsx,previews/veil/veil-footer-3.png,https://oss.tailark.com/r/veil-footer-3.json
block,veil,footer,veil-footer-3,radix,registry/radix/oss/veil-footer-3.json,source/radix/oss/veil/blocks/footer/three.tsx,previews/veil/veil-footer-3.png,https://oss.tailark.com/r/radix/veil-footer-3.json
block,veil,footer,veil-footer-4,base,registry/base/oss/veil-footer-4.json,source/base/oss/veil/blocks/footer/four.tsx,previews/veil/veil-footer-4.png,https://oss.tailark.com/r/veil-footer-4.json
block,veil,footer,veil-footer-4,radix,registry/radix/oss/veil-footer-4.json,source/radix/oss/veil/blocks/footer/four.tsx,previews/veil/veil-footer-4.png,https://oss.tailark.com/r/radix/veil-footer-4.json
block,veil,footer,veil-footer-5,base,registry/base/oss/veil-footer-5.json,source/base/oss/veil/blocks/footer/five/footer.tsx,previews/veil/veil-footer-5.png,https://oss.tailark.com/r/veil-footer-5.json
block,veil,footer,veil-footer-5,radix,registry/radix/oss/veil-footer-5.json,source/radix/oss/veil/blocks/footer/five/footer.tsx,previews/veil/veil-footer-5.png,https://oss.tailark.com/r/radix/veil-footer-5.json
block,veil,footer,veil-footer-6,base,registry/base/oss/veil-footer-6.json,source/base/oss/veil/blocks/footer/six/footer.tsx,previews/veil/veil-footer-6.png,https://oss.tailark.com/r/veil-footer-6.json
block,veil,footer,veil-footer-6,radix,registry/radix/oss/veil-footer-6.json,source/radix/oss/veil/blocks/footer/six/footer.tsx,previews/veil/veil-footer-6.png,https://oss.tailark.com/r/radix/veil-footer-6.json
block,veil,forgot-password,veil-forgot-password-1,base,registry/base/oss/veil-forgot-password-1.json,source/base/oss/veil/blocks/forgot-password/one.tsx,previews/veil/veil-forgot-password-1.png,https://oss.tailark.com/r/veil-forgot-password-1.json
block,veil,forgot-password,veil-forgot-password-1,radix,registry/radix/oss/veil-forgot-password-1.json,source/radix/oss/veil/blocks/forgot-password/one.tsx,previews/veil/veil-forgot-password-1.png,https://oss.tailark.com/r/radix/veil-forgot-password-1.json
block,veil,forgot-password,veil-forgot-password-2,base,registry/base/oss/veil-forgot-password-2.json,source/base/oss/veil/blocks/forgot-password/two.tsx,previews/veil/veil-forgot-password-2.png,https://oss.tailark.com/r/veil-forgot-password-2.json
block,veil,forgot-password,veil-forgot-password-2,radix,registry/radix/oss/veil-forgot-password-2.json,source/radix/oss/veil/blocks/forgot-password/two.tsx,previews/veil/veil-forgot-password-2.png,https://oss.tailark.com/r/radix/veil-forgot-password-2.json
block,veil,forgot-password,veil-forgot-password-3,base,registry/base/oss/veil-forgot-password-3.json,source/base/oss/veil/blocks/forgot-password/three.tsx,previews/veil/veil-forgot-password-3.png,https://oss.tailark.com/r/veil-forgot-password-3.json
block,veil,forgot-password,veil-forgot-password-3,radix,registry/radix/oss/veil-forgot-password-3.json,source/radix/oss/veil/blocks/forgot-password/three.tsx,previews/veil/veil-forgot-password-3.png,https://oss.tailark.com/r/radix/veil-forgot-password-3.json
block,veil,hero-section,veil-hero-section-1,base,registry/base/oss/veil-hero-section-1.json,source/base/oss/veil/blocks/hero-section/one/hero-section.tsx,previews/veil/veil-hero-section-1.png,https://oss.tailark.com/r/veil-hero-section-1.json
block,veil,hero-section,veil-hero-section-1,radix,registry/radix/oss/veil-hero-section-1.json,source/radix/oss/veil/blocks/hero-section/one/hero-section.tsx,previews/veil/veil-hero-section-1.png,https://oss.tailark.com/r/radix/veil-hero-section-1.json
block,veil,hero-section,veil-hero-section-2,base,registry/base/oss/veil-hero-section-2.json,source/base/oss/veil/blocks/hero-section/two/hero-section.tsx,previews/veil/veil-hero-section-2.png,https://oss.tailark.com/r/veil-hero-section-2.json
block,veil,hero-section,veil-hero-section-2,radix,registry/radix/oss/veil-hero-section-2.json,source/radix/oss/veil/blocks/hero-section/two/hero-section.tsx,previews/veil/veil-hero-section-2.png,https://oss.tailark.com/r/radix/veil-hero-section-2.json
block,veil,hero-section,veil-hero-section-3,base,registry/base/oss/veil-hero-section-3.json,source/base/oss/veil/blocks/hero-section/three/hero-section.tsx,previews/veil/veil-hero-section-3.png,https://oss.tailark.com/r/veil-hero-section-3.json
block,veil,hero-section,veil-hero-section-3,radix,registry/radix/oss/veil-hero-section-3.json,source/radix/oss/veil/blocks/hero-section/three/hero-section.tsx,previews/veil/veil-hero-section-3.png,https://oss.tailark.com/r/radix/veil-hero-section-3.json
block,veil,hero-section,veil-hero-section-4,base,registry/base/oss/veil-hero-section-4.json,source/base/oss/veil/blocks/hero-section/four/hero-section.tsx,previews/veil/veil-hero-section-4.png,https://oss.tailark.com/r/veil-hero-section-4.json
block,veil,hero-section,veil-hero-section-4,radix,registry/radix/oss/veil-hero-section-4.json,source/radix/oss/veil/blocks/hero-section/four/hero-section.tsx,previews/veil/veil-hero-section-4.png,https://oss.tailark.com/r/radix/veil-hero-section-4.json
block,veil,hero-section,veil-hero-section-5,base,registry/base/oss/veil-hero-section-5.json,source/base/oss/veil/blocks/hero-section/five.tsx,previews/veil/veil-hero-section-5.png,https://oss.tailark.com/r/veil-hero-section-5.json
block,veil,hero-section,veil-hero-section-5,radix,registry/radix/oss/veil-hero-section-5.json,source/radix/oss/veil/blocks/hero-section/five.tsx,previews/veil/veil-hero-section-5.png,https://oss.tailark.com/r/radix/veil-hero-section-5.json
block,veil,integrations,veil-integrations-1,base,registry/base/oss/veil-integrations-1.json,source/base/oss/veil/blocks/integrations/one.tsx,previews/veil/veil-integrations-1.png,https://oss.tailark.com/r/veil-integrations-1.json
block,veil,integrations,veil-integrations-1,radix,registry/radix/oss/veil-integrations-1.json,source/radix/oss/veil/blocks/integrations/one.tsx,previews/veil/veil-integrations-1.png,https://oss.tailark.com/r/radix/veil-integrations-1.json
block,veil,integrations,veil-integrations-2,base,registry/base/oss/veil-integrations-2.json,source/base/oss/veil/blocks/integrations/two.tsx,previews/veil/veil-integrations-2.png,https://oss.tailark.com/r/veil-integrations-2.json
block,veil,integrations,veil-integrations-2,radix,registry/radix/oss/veil-integrations-2.json,source/radix/oss/veil/blocks/integrations/two.tsx,previews/veil/veil-integrations-2.png,https://oss.tailark.com/r/radix/veil-integrations-2.json
block,veil,login,veil-login-1,base,registry/base/oss/veil-login-1.json,source/base/oss/veil/blocks/login/one.tsx,previews/veil/veil-login-1.png,https://oss.tailark.com/r/veil-login-1.json
block,veil,login,veil-login-1,radix,registry/radix/oss/veil-login-1.json,source/radix/oss/veil/blocks/login/one.tsx,previews/veil/veil-login-1.png,https://oss.tailark.com/r/radix/veil-login-1.json
block,veil,login,veil-login-2,base,registry/base/oss/veil-login-2.json,source/base/oss/veil/blocks/login/two.tsx,previews/veil/veil-login-2.png,https://oss.tailark.com/r/veil-login-2.json
block,veil,login,veil-login-2,radix,registry/radix/oss/veil-login-2.json,source/radix/oss/veil/blocks/login/two.tsx,previews/veil/veil-login-2.png,https://oss.tailark.com/r/radix/veil-login-2.json
block,veil,login,veil-login-3,base,registry/base/oss/veil-login-3.json,source/base/oss/veil/blocks/login/three.tsx,previews/veil/veil-login-3.png,https://oss.tailark.com/r/veil-login-3.json
block,veil,login,veil-login-3,radix,registry/radix/oss/veil-login-3.json,source/radix/oss/veil/blocks/login/three.tsx,previews/veil/veil-login-3.png,https://oss.tailark.com/r/radix/veil-login-3.json
block,veil,logo-cloud,veil-logo-cloud-1,base,registry/base/oss/veil-logo-cloud-1.json,source/base/oss/veil/blocks/logo-cloud/one.tsx,previews/veil/veil-logo-cloud-1.png,https://oss.tailark.com/r/veil-logo-cloud-1.json
block,veil,logo-cloud,veil-logo-cloud-1,radix,registry/radix/oss/veil-logo-cloud-1.json,source/radix/oss/veil/blocks/logo-cloud/one.tsx,previews/veil/veil-logo-cloud-1.png,https://oss.tailark.com/r/radix/veil-logo-cloud-1.json
block,veil,logo-cloud,veil-logo-cloud-2,base,registry/base/oss/veil-logo-cloud-2.json,source/base/oss/veil/blocks/logo-cloud/two.tsx,previews/veil/veil-logo-cloud-2.png,https://oss.tailark.com/r/veil-logo-cloud-2.json
block,veil,logo-cloud,veil-logo-cloud-2,radix,registry/radix/oss/veil-logo-cloud-2.json,source/radix/oss/veil/blocks/logo-cloud/two.tsx,previews/veil/veil-logo-cloud-2.png,https://oss.tailark.com/r/radix/veil-logo-cloud-2.json
block,veil,pricing,veil-pricing-1,base,registry/base/oss/veil-pricing-1.json,source/base/oss/veil/blocks/pricing/one.tsx,previews/veil/veil-pricing-1.png,https://oss.tailark.com/r/veil-pricing-1.json
block,veil,pricing,veil-pricing-1,radix,registry/radix/oss/veil-pricing-1.json,source/radix/oss/veil/blocks/pricing/one.tsx,previews/veil/veil-pricing-1.png,https://oss.tailark.com/r/radix/veil-pricing-1.json
block,veil,pricing,veil-pricing-2,base,registry/base/oss/veil-pricing-2.json,source/base/oss/veil/blocks/pricing/two.tsx,previews/veil/veil-pricing-2.png,https://oss.tailark.com/r/veil-pricing-2.json
block,veil,pricing,veil-pricing-2,radix,registry/radix/oss/veil-pricing-2.json,source/radix/oss/veil/blocks/pricing/two.tsx,previews/veil/veil-pricing-2.png,https://oss.tailark.com/r/radix/veil-pricing-2.json
block,veil,pricing,veil-pricing-3,base,registry/base/oss/veil-pricing-3.json,source/base/oss/veil/blocks/pricing/three.tsx,previews/veil/veil-pricing-3.png,https://oss.tailark.com/r/veil-pricing-3.json
block,veil,pricing,veil-pricing-3,radix,registry/radix/oss/veil-pricing-3.json,source/radix/oss/veil/blocks/pricing/three.tsx,previews/veil/veil-pricing-3.png,https://oss.tailark.com/r/radix/veil-pricing-3.json
block,veil,sign-up,veil-sign-up-1,base,registry/base/oss/veil-sign-up-1.json,source/base/oss/veil/blocks/sign-up/one.tsx,previews/veil/veil-sign-up-1.png,https://oss.tailark.com/r/veil-sign-up-1.json
block,veil,sign-up,veil-sign-up-1,radix,registry/radix/oss/veil-sign-up-1.json,source/radix/oss/veil/blocks/sign-up/one.tsx,previews/veil/veil-sign-up-1.png,https://oss.tailark.com/r/radix/veil-sign-up-1.json
block,veil,sign-up,veil-sign-up-2,base,registry/base/oss/veil-sign-up-2.json,source/base/oss/veil/blocks/sign-up/two.tsx,previews/veil/veil-sign-up-2.png,https://oss.tailark.com/r/veil-sign-up-2.json
block,veil,sign-up,veil-sign-up-2,radix,registry/radix/oss/veil-sign-up-2.json,source/radix/oss/veil/blocks/sign-up/two.tsx,previews/veil/veil-sign-up-2.png,https://oss.tailark.com/r/radix/veil-sign-up-2.json
block,veil,sign-up,veil-sign-up-3,base,registry/base/oss/veil-sign-up-3.json,source/base/oss/veil/blocks/sign-up/three.tsx,previews/veil/veil-sign-up-3.png,https://oss.tailark.com/r/veil-sign-up-3.json
block,veil,sign-up,veil-sign-up-3,radix,registry/radix/oss/veil-sign-up-3.json,source/radix/oss/veil/blocks/sign-up/three.tsx,previews/veil/veil-sign-up-3.png,https://oss.tailark.com/r/radix/veil-sign-up-3.json
block,veil,stats,veil-stats-1,base,registry/base/oss/veil-stats-1.json,source/base/oss/veil/blocks/stats/one.tsx,previews/veil/veil-stats-1.png,https://oss.tailark.com/r/veil-stats-1.json
block,veil,stats,veil-stats-1,radix,registry/radix/oss/veil-stats-1.json,source/radix/oss/veil/blocks/stats/one.tsx,previews/veil/veil-stats-1.png,https://oss.tailark.com/r/radix/veil-stats-1.json
block,veil,stats,veil-stats-2,base,registry/base/oss/veil-stats-2.json,source/base/oss/veil/blocks/stats/two.tsx,previews/veil/veil-stats-2.png,https://oss.tailark.com/r/veil-stats-2.json
block,veil,stats,veil-stats-2,radix,registry/radix/oss/veil-stats-2.json,source/radix/oss/veil/blocks/stats/two.tsx,previews/veil/veil-stats-2.png,https://oss.tailark.com/r/radix/veil-stats-2.json
block,veil,stats,veil-stats-3,base,registry/base/oss/veil-stats-3.json,source/base/oss/veil/blocks/stats/three.tsx,previews/veil/veil-stats-3.png,https://oss.tailark.com/r/veil-stats-3.json
block,veil,stats,veil-stats-3,radix,registry/radix/oss/veil-stats-3.json,source/radix/oss/veil/blocks/stats/three.tsx,previews/veil/veil-stats-3.png,https://oss.tailark.com/r/radix/veil-stats-3.json
block,veil,stats,veil-stats-4,base,registry/base/oss/veil-stats-4.json,source/base/oss/veil/blocks/stats/four.tsx,previews/veil/veil-stats-4.png,https://oss.tailark.com/r/veil-stats-4.json
block,veil,stats,veil-stats-4,radix,registry/radix/oss/veil-stats-4.json,source/radix/oss/veil/blocks/stats/four.tsx,previews/veil/veil-stats-4.png,https://oss.tailark.com/r/radix/veil-stats-4.json
block,veil,team,veil-team-1,base,registry/base/oss/veil-team-1.json,source/base/oss/veil/blocks/team/one.tsx,previews/veil/veil-team-1.png,https://oss.tailark.com/r/veil-team-1.json
block,veil,team,veil-team-1,radix,registry/radix/oss/veil-team-1.json,source/radix/oss/veil/blocks/team/one.tsx,previews/veil/veil-team-1.png,https://oss.tailark.com/r/radix/veil-team-1.json
block,veil,team,veil-team-2,base,registry/base/oss/veil-team-2.json,source/base/oss/veil/blocks/team/two.tsx,previews/veil/veil-team-2.png,https://oss.tailark.com/r/veil-team-2.json
block,veil,team,veil-team-2,radix,registry/radix/oss/veil-team-2.json,source/radix/oss/veil/blocks/team/two.tsx,previews/veil/veil-team-2.png,https://oss.tailark.com/r/radix/veil-team-2.json
block,veil,testimonials,veil-testimonials-1,base,registry/base/oss/veil-testimonials-1.json,source/base/oss/veil/blocks/testimonials/one.tsx,previews/veil/veil-testimonials-1.png,https://oss.tailark.com/r/veil-testimonials-1.json
block,veil,testimonials,veil-testimonials-1,radix,registry/radix/oss/veil-testimonials-1.json,source/radix/oss/veil/blocks/testimonials/one.tsx,previews/veil/veil-testimonials-1.png,https://oss.tailark.com/r/radix/veil-testimonials-1.json
block,veil,testimonials,veil-testimonials-2,base,registry/base/oss/veil-testimonials-2.json,source/base/oss/veil/blocks/testimonials/two.tsx,previews/veil/veil-testimonials-2.png,https://oss.tailark.com/r/veil-testimonials-2.json
block,veil,testimonials,veil-testimonials-2,radix,registry/radix/oss/veil-testimonials-2.json,source/radix/oss/veil/blocks/testimonials/two.tsx,previews/veil/veil-testimonials-2.png,https://oss.tailark.com/r/radix/veil-testimonials-2.json
block,veil,testimonials,veil-testimonials-3,base,registry/base/oss/veil-testimonials-3.json,source/base/oss/veil/blocks/testimonials/three.tsx,previews/veil/veil-testimonials-3.png,https://oss.tailark.com/r/veil-testimonials-3.json
block,veil,testimonials,veil-testimonials-3,radix,registry/radix/oss/veil-testimonials-3.json,source/radix/oss/veil/blocks/testimonials/three.tsx,previews/veil/veil-testimonials-3.png,https://oss.tailark.com/r/radix/veil-testimonials-3.json
block,veil,testimonials,veil-testimonials-4,base,registry/base/oss/veil-testimonials-4.json,source/base/oss/veil/blocks/testimonials/four.tsx,previews/veil/veil-testimonials-4.png,https://oss.tailark.com/r/veil-testimonials-4.json
block,veil,testimonials,veil-testimonials-4,radix,registry/radix/oss/veil-testimonials-4.json,source/radix/oss/veil/blocks/testimonials/four.tsx,previews/veil/veil-testimonials-4.png,https://oss.tailark.com/r/radix/veil-testimonials-4.json
illustration,quartz,others,actionnable,base,registry/base/pro/actionnable.json,source/base/pro/illustrations/actionnable.tsx,,https://tailark.com/r/actionnable.json
illustration,quartz,others,actionnable,radix,registry/radix/pro/actionnable.json,source/radix/pro/illustrations/actionnable.tsx,,https://tailark.com/r/radix/actionnable.json
illustration,quartz,message,add-comment,base,registry/base/pro/add-comment.json,source/base/pro/illustrations/add-comment.tsx,,https://tailark.com/r/add-comment.json
illustration,quartz,message,add-comment,radix,registry/radix/pro/add-comment.json,source/radix/pro/illustrations/add-comment.tsx,,https://tailark.com/r/radix/add-comment.json
illustration,quartz,ai,agent-feedback,base,registry/base/pro/agent-feedback.json,source/base/pro/illustrations/agent-feedback.tsx,,https://tailark.com/r/agent-feedback.json
illustration,quartz,ai,agent-feedback,radix,registry/radix/pro/agent-feedback.json,source/radix/pro/illustrations/agent-feedback.tsx,,https://tailark.com/r/radix/agent-feedback.json
illustration,quartz,ai,agent-task-planning,base,registry/base/pro/agent-task-planning.json,source/base/pro/illustrations/agent-task-planning.tsx,,https://tailark.com/r/agent-task-planning.json
illustration,quartz,ai,agent-task-planning,radix,registry/radix/pro/agent-task-planning.json,source/radix/pro/illustrations/agent-task-planning.tsx,,https://tailark.com/r/radix/agent-task-planning.json
illustration,quartz,ai,agent-tasks,base,registry/base/pro/agent-tasks.json,source/base/pro/illustrations/agent-tasks.tsx,,https://tailark.com/r/agent-tasks.json
illustration,quartz,ai,agent-tasks,radix,registry/radix/pro/agent-tasks.json,source/radix/pro/illustrations/agent-tasks.tsx,,https://tailark.com/r/radix/agent-tasks.json
illustration,quartz,ai,agent-workflow,base,registry/base/pro/agent-workflow.json,source/base/pro/illustrations/agent-workflow.tsx,,https://tailark.com/r/agent-workflow.json
illustration,quartz,ai,agent-workflow,radix,registry/radix/pro/agent-workflow.json,source/radix/pro/illustrations/agent-workflow.tsx,,https://tailark.com/r/radix/agent-workflow.json
illustration,quartz,ai,ai-1,base,registry/base/pro/ai-1.json,source/base/pro/illustrations/ai-1.tsx,,https://tailark.com/r/ai-1.json
illustration,quartz,ai,ai-1,radix,registry/radix/pro/ai-1.json,source/radix/pro/illustrations/ai-1.tsx,,https://tailark.com/r/radix/ai-1.json
illustration,quartz,ai,ai-2,base,registry/base/pro/ai-2.json,source/base/pro/illustrations/ai-2.tsx,,https://tailark.com/r/ai-2.json
illustration,quartz,ai,ai-2,radix,registry/radix/pro/ai-2.json,source/radix/pro/illustrations/ai-2.tsx,,https://tailark.com/r/radix/ai-2.json
illustration,quartz,ai,ai-3,base,registry/base/pro/ai-3.json,source/base/pro/illustrations/ai-3.tsx,,https://tailark.com/r/ai-3.json
illustration,quartz,ai,ai-3,radix,registry/radix/pro/ai-3.json,source/radix/pro/illustrations/ai-3.tsx,,https://tailark.com/r/radix/ai-3.json
illustration,quartz,ai,ai-autocomplete,base,registry/base/pro/ai-autocomplete.json,source/base/pro/illustrations/ai-autocomplete.tsx,,https://tailark.com/r/ai-autocomplete.json
illustration,quartz,ai,ai-autocomplete,radix,registry/radix/pro/ai-autocomplete.json,source/radix/pro/illustrations/ai-autocomplete.tsx,,https://tailark.com/r/radix/ai-autocomplete.json
illustration,quartz,ai,ai-chat-interface,base,registry/base/pro/ai-chat-interface.json,source/base/pro/illustrations/ai-chat-interface.tsx,,https://tailark.com/r/ai-chat-interface.json
illustration,quartz,ai,ai-chat-interface,radix,registry/radix/pro/ai-chat-interface.json,source/radix/pro/illustrations/ai-chat-interface.tsx,,https://tailark.com/r/radix/ai-chat-interface.json
illustration,quartz,ai,ai-memory,base,registry/base/pro/ai-memory.json,source/base/pro/illustrations/ai-memory.tsx,,https://tailark.com/r/ai-memory.json
illustration,quartz,ai,ai-memory,radix,registry/radix/pro/ai-memory.json,source/radix/pro/illustrations/ai-memory.tsx,,https://tailark.com/r/radix/ai-memory.json
illustration,quartz,ai,ai-mentions,base,registry/base/pro/ai-mentions.json,source/base/pro/illustrations/ai-mentions.tsx,,https://tailark.com/r/ai-mentions.json
illustration,quartz,ai,ai-mentions,radix,registry/radix/pro/ai-mentions.json,source/radix/pro/illustrations/ai-mentions.tsx,,https://tailark.com/r/radix/ai-mentions.json
illustration,quartz,ai,ai-search,base,registry/base/pro/ai-search.json,source/base/pro/illustrations/ai-search.tsx,,https://tailark.com/r/ai-search.json
illustration,quartz,ai,ai-search,radix,registry/radix/pro/ai-search.json,source/radix/pro/illustrations/ai-search.tsx,,https://tailark.com/r/radix/ai-search.json
illustration,quartz,ai,ai-search-2,base,registry/base/pro/ai-search-2.json,source/base/pro/illustrations/ai-search-2.tsx,,https://tailark.com/r/ai-search-2.json
illustration,quartz,ai,ai-search-2,radix,registry/radix/pro/ai-search-2.json,source/radix/pro/illustrations/ai-search-2.tsx,,https://tailark.com/r/radix/ai-search-2.json
illustration,quartz,ai,ai-suggestion,base,registry/base/pro/ai-suggestion.json,source/base/pro/illustrations/ai-suggestion.tsx,,https://tailark.com/r/ai-suggestion.json
illustration,quartz,ai,ai-suggestion,radix,registry/radix/pro/ai-suggestion.json,source/radix/pro/illustrations/ai-suggestion.tsx,,https://tailark.com/r/radix/ai-suggestion.json
illustration,quartz,ai,ai-summarization,base,registry/base/pro/ai-summarization.json,source/base/pro/illustrations/ai-summarization.tsx,,https://tailark.com/r/ai-summarization.json
illustration,quartz,ai,ai-summarization,radix,registry/radix/pro/ai-summarization.json,source/radix/pro/illustrations/ai-summarization.tsx,,https://tailark.com/r/radix/ai-summarization.json
illustration,quartz,mobile,bank-stats,base,registry/base/pro/bank-stats.json,source/base/pro/illustrations/bank-stats.tsx,,https://tailark.com/r/bank-stats.json
illustration,quartz,mobile,bank-stats,radix,registry/radix/pro/bank-stats.json,source/radix/pro/illustrations/bank-stats.tsx,,https://tailark.com/r/radix/bank-stats.json
illustration,quartz,workspace,calendar,base,registry/base/pro/calendar.json,source/base/pro/illustrations/calendar.tsx,,https://tailark.com/r/calendar.json
illustration,quartz,workspace,calendar,radix,registry/radix/pro/calendar.json,source/radix/pro/illustrations/calendar.tsx,,https://tailark.com/r/radix/calendar.json
illustration,quartz,workspace,calendar-10,base,registry/base/pro/calendar-10.json,source/base/pro/illustrations/calendar-10.tsx,,https://tailark.com/r/calendar-10.json
illustration,quartz,workspace,calendar-10,radix,registry/radix/pro/calendar-10.json,source/radix/pro/illustrations/calendar-10.tsx,,https://tailark.com/r/radix/calendar-10.json
illustration,quartz,workspace,calendar-11,base,registry/base/pro/calendar-11.json,source/base/pro/illustrations/calendar-11.tsx,,https://tailark.com/r/calendar-11.json
illustration,quartz,workspace,calendar-11,radix,registry/radix/pro/calendar-11.json,source/radix/pro/illustrations/calendar-11.tsx,,https://tailark.com/r/radix/calendar-11.json
illustration,quartz,workspace,calendar-2,base,registry/base/pro/calendar-2.json,source/base/pro/illustrations/calendar-2.tsx,,https://tailark.com/r/calendar-2.json
illustration,quartz,workspace,calendar-2,radix,registry/radix/pro/calendar-2.json,source/radix/pro/illustrations/calendar-2.tsx,,https://tailark.com/r/radix/calendar-2.json
illustration,quartz,workspace,calendar-3,base,registry/base/pro/calendar-3.json,source/base/pro/illustrations/calendar-3.tsx,,https://tailark.com/r/calendar-3.json
illustration,quartz,workspace,calendar-3,radix,registry/radix/pro/calendar-3.json,source/radix/pro/illustrations/calendar-3.tsx,,https://tailark.com/r/radix/calendar-3.json
illustration,quartz,workspace,calendar-4,base,registry/base/pro/calendar-4.json,source/base/pro/illustrations/calendar-4.tsx,,https://tailark.com/r/calendar-4.json
illustration,quartz,workspace,calendar-4,radix,registry/radix/pro/calendar-4.json,source/radix/pro/illustrations/calendar-4.tsx,,https://tailark.com/r/radix/calendar-4.json
illustration,quartz,workspace,calendar-5,base,registry/base/pro/calendar-5.json,source/base/pro/illustrations/calendar-5.tsx,,https://tailark.com/r/calendar-5.json
illustration,quartz,workspace,calendar-5,radix,registry/radix/pro/calendar-5.json,source/radix/pro/illustrations/calendar-5.tsx,,https://tailark.com/r/radix/calendar-5.json
illustration,quartz,workspace,calendar-6,base,registry/base/pro/calendar-6.json,source/base/pro/illustrations/calendar-6.tsx,,https://tailark.com/r/calendar-6.json
illustration,quartz,workspace,calendar-6,radix,registry/radix/pro/calendar-6.json,source/radix/pro/illustrations/calendar-6.tsx,,https://tailark.com/r/radix/calendar-6.json
illustration,quartz,workspace,calendar-7,base,registry/base/pro/calendar-7.json,source/base/pro/illustrations/calendar-7.tsx,,https://tailark.com/r/calendar-7.json
illustration,quartz,workspace,calendar-7,radix,registry/radix/pro/calendar-7.json,source/radix/pro/illustrations/calendar-7.tsx,,https://tailark.com/r/radix/calendar-7.json
illustration,quartz,workspace,calendar-8,base,registry/base/pro/calendar-8.json,source/base/pro/illustrations/calendar-8.tsx,,https://tailark.com/r/calendar-8.json
illustration,quartz,workspace,calendar-8,radix,registry/radix/pro/calendar-8.json,source/radix/pro/illustrations/calendar-8.tsx,,https://tailark.com/r/radix/calendar-8.json
illustration,quartz,workspace,campaign,base,registry/base/pro/campaign.json,source/base/pro/illustrations/campaign.tsx,,https://tailark.com/r/campaign.json
illustration,quartz,workspace,campaign,radix,registry/radix/pro/campaign.json,source/radix/pro/illustrations/campaign.tsx,,https://tailark.com/r/radix/campaign.json
illustration,quartz,workspace,campaign-2,base,registry/base/pro/campaign-2.json,source/base/pro/illustrations/campaign-2.tsx,,https://tailark.com/r/campaign-2.json
illustration,quartz,workspace,campaign-2,radix,registry/radix/pro/campaign-2.json,source/radix/pro/illustrations/campaign-2.tsx,,https://tailark.com/r/radix/campaign-2.json
illustration,quartz,message,chat,base,registry/base/pro/chat.json,source/base/pro/illustrations/chat.tsx,,https://tailark.com/r/chat.json
illustration,quartz,message,chat,radix,registry/radix/pro/chat.json,source/radix/pro/illustrations/chat.tsx,,https://tailark.com/r/radix/chat.json
illustration,quartz,workspace,collaboration,base,registry/base/pro/collaboration.json,source/base/pro/illustrations/collaboration.tsx,,https://tailark.com/r/collaboration.json
illustration,quartz,workspace,collaboration,radix,registry/radix/pro/collaboration.json,source/radix/pro/illustrations/collaboration.tsx,,https://tailark.com/r/radix/collaboration.json
illustration,quartz,workspace,collaboration-comment,base,registry/base/pro/collaboration-comment.json,source/base/pro/illustrations/collaboration-comment.tsx,,https://tailark.com/r/collaboration-comment.json
illustration,quartz,workspace,collaboration-comment,radix,registry/radix/pro/collaboration-comment.json,source/radix/pro/illustrations/collaboration-comment.tsx,,https://tailark.com/r/radix/collaboration-comment.json
illustration,quartz,message,comment,base,registry/base/pro/comment.json,source/base/pro/illustrations/comment.tsx,,https://tailark.com/r/comment.json
illustration,quartz,message,comment,radix,registry/radix/pro/comment.json,source/radix/pro/illustrations/comment.tsx,,https://tailark.com/r/radix/comment.json
illustration,quartz,document,currency,base,registry/base/pro/currency.json,source/base/pro/illustrations/currency.tsx,,https://tailark.com/r/currency.json
illustration,quartz,document,currency,radix,registry/radix/pro/currency.json,source/radix/pro/illustrations/currency.tsx,,https://tailark.com/r/radix/currency.json
illustration,quartz,document,document,base,registry/base/pro/document.json,source/base/pro/illustrations/document.tsx,,https://tailark.com/r/document.json
illustration,quartz,document,document,radix,registry/radix/pro/document.json,source/radix/pro/illustrations/document.tsx,,https://tailark.com/r/radix/document.json
illustration,quartz,scan,document-analysis,base,registry/base/pro/document-analysis.json,source/base/pro/illustrations/document-analysis.tsx,,https://tailark.com/r/document-analysis.json
illustration,quartz,scan,document-analysis,radix,registry/radix/pro/document-analysis.json,source/radix/pro/illustrations/document-analysis.tsx,,https://tailark.com/r/radix/document-analysis.json
illustration,quartz,document,document-csv,base,registry/base/pro/document-csv.json,source/base/pro/illustrations/document-csv.tsx,,https://tailark.com/r/document-csv.json
illustration,quartz,document,document-csv,radix,registry/radix/pro/document-csv.json,source/radix/pro/illustrations/document-csv.tsx,,https://tailark.com/r/radix/document-csv.json
illustration,quartz,document,document-docx,base,registry/base/pro/document-docx.json,source/base/pro/illustrations/document-docx.tsx,,https://tailark.com/r/document-docx.json
illustration,quartz,document,document-docx,radix,registry/radix/pro/document-docx.json,source/radix/pro/illustrations/document-docx.tsx,,https://tailark.com/r/radix/document-docx.json
illustration,quartz,document,document-html,base,registry/base/pro/document-html.json,source/base/pro/illustrations/document-html.tsx,,https://tailark.com/r/document-html.json
illustration,quartz,document,document-html,radix,registry/radix/pro/document-html.json,source/radix/pro/illustrations/document-html.tsx,,https://tailark.com/r/radix/document-html.json
illustration,quartz,document,document-img,base,registry/base/pro/document-img.json,source/base/pro/illustrations/document-img.tsx,,https://tailark.com/r/document-img.json
illustration,quartz,document,document-img,radix,registry/radix/pro/document-img.json,source/radix/pro/illustrations/document-img.tsx,,https://tailark.com/r/radix/document-img.json
illustration,quartz,document,document-json,base,registry/base/pro/document-json.json,source/base/pro/illustrations/document-json.tsx,,https://tailark.com/r/document-json.json
illustration,quartz,document,document-json,radix,registry/radix/pro/document-json.json,source/radix/pro/illustrations/document-json.tsx,,https://tailark.com/r/radix/document-json.json
illustration,quartz,document,document-md,base,registry/base/pro/document-md.json,source/base/pro/illustrations/document-md.tsx,,https://tailark.com/r/document-md.json
illustration,quartz,document,document-md,radix,registry/radix/pro/document-md.json,source/radix/pro/illustrations/document-md.tsx,,https://tailark.com/r/radix/document-md.json
illustration,quartz,document,document-pdf,base,registry/base/pro/document-pdf.json,source/base/pro/illustrations/document-pdf.tsx,,https://tailark.com/r/document-pdf.json
illustration,quartz,document,document-pdf,radix,registry/radix/pro/document-pdf.json,source/radix/pro/illustrations/document-pdf.tsx,,https://tailark.com/r/radix/document-pdf.json
illustration,quartz,document,document-pptx,base,registry/base/pro/document-pptx.json,source/base/pro/illustrations/document-pptx.tsx,,https://tailark.com/r/document-pptx.json
illustration,quartz,document,document-pptx,radix,registry/radix/pro/document-pptx.json,source/radix/pro/illustrations/document-pptx.tsx,,https://tailark.com/r/radix/document-pptx.json
illustration,quartz,document,document-txt,base,registry/base/pro/document-txt.json,source/base/pro/illustrations/document-txt.tsx,,https://tailark.com/r/document-txt.json
illustration,quartz,document,document-txt,radix,registry/radix/pro/document-txt.json,source/radix/pro/illustrations/document-txt.tsx,,https://tailark.com/r/radix/document-txt.json
illustration,quartz,document,document-xlx,base,registry/base/pro/document-xlx.json,source/base/pro/illustrations/document-xlx.tsx,,https://tailark.com/r/document-xlx.json
illustration,quartz,document,document-xlx,radix,registry/radix/pro/document-xlx.json,source/radix/pro/illustrations/document-xlx.tsx,,https://tailark.com/r/radix/document-xlx.json
illustration,quartz,document,document-zip,base,registry/base/pro/document-zip.json,source/base/pro/illustrations/document-zip.tsx,,https://tailark.com/r/document-zip.json
illustration,quartz,document,document-zip,radix,registry/radix/pro/document-zip.json,source/radix/pro/illustrations/document-zip.tsx,,https://tailark.com/r/radix/document-zip.json
illustration,quartz,form,email,base,registry/base/pro/email.json,source/base/pro/illustrations/email.tsx,,https://tailark.com/r/email.json
illustration,quartz,form,email,radix,registry/radix/pro/email.json,source/radix/pro/illustrations/email.tsx,,https://tailark.com/r/radix/email.json
illustration,quartz,scan,face-scan,base,registry/base/pro/face-scan.json,source/base/pro/illustrations/face-scan.tsx,,https://tailark.com/r/face-scan.json
illustration,quartz,scan,face-scan,radix,registry/radix/pro/face-scan.json,source/radix/pro/illustrations/face-scan.tsx,,https://tailark.com/r/radix/face-scan.json
illustration,quartz,scan,face-scan-2,base,registry/base/pro/face-scan-2.json,source/base/pro/illustrations/face-scan-2.tsx,,https://tailark.com/r/face-scan-2.json
illustration,quartz,scan,face-scan-2,radix,registry/radix/pro/face-scan-2.json,source/radix/pro/illustrations/face-scan-2.tsx,,https://tailark.com/r/radix/face-scan-2.json
illustration,quartz,form,file-upload,base,registry/base/pro/file-upload.json,source/base/pro/illustrations/file-upload.tsx,,https://tailark.com/r/file-upload.json
illustration,quartz,form,file-upload,radix,registry/radix/pro/file-upload.json,source/radix/pro/illustrations/file-upload.tsx,,https://tailark.com/r/radix/file-upload.json
illustration,quartz,scan,fingerprint,base,registry/base/pro/fingerprint.json,source/base/pro/illustrations/fingerprint.tsx,,https://tailark.com/r/fingerprint.json
illustration,quartz,scan,fingerprint,radix,registry/radix/pro/fingerprint.json,source/radix/pro/illustrations/fingerprint.tsx,,https://tailark.com/r/radix/fingerprint.json
illustration,quartz,scan,fingerprint-scan,base,registry/base/pro/fingerprint-scan.json,source/base/pro/illustrations/fingerprint-scan.tsx,,https://tailark.com/r/fingerprint-scan.json
illustration,quartz,scan,fingerprint-scan,radix,registry/radix/pro/fingerprint-scan.json,source/radix/pro/illustrations/fingerprint-scan.tsx,,https://tailark.com/r/radix/fingerprint-scan.json
illustration,quartz,flow,flow,base,registry/base/pro/flow.json,source/base/pro/illustrations/flow.tsx,,https://tailark.com/r/flow.json
illustration,quartz,flow,flow,radix,registry/radix/pro/flow.json,source/radix/pro/illustrations/flow.tsx,,https://tailark.com/r/radix/flow.json
illustration,quartz,flow,flow-10,base,registry/base/pro/flow-10.json,source/base/pro/illustrations/flow-10.tsx,,https://tailark.com/r/flow-10.json
illustration,quartz,flow,flow-10,radix,registry/radix/pro/flow-10.json,source/radix/pro/illustrations/flow-10.tsx,,https://tailark.com/r/radix/flow-10.json
illustration,quartz,flow,flow-11,base,registry/base/pro/flow-11.json,source/base/pro/illustrations/flow-11.tsx,,https://tailark.com/r/flow-11.json
illustration,quartz,flow,flow-11,radix,registry/radix/pro/flow-11.json,source/radix/pro/illustrations/flow-11.tsx,,https://tailark.com/r/radix/flow-11.json
illustration,quartz,flow,flow-12,base,registry/base/pro/flow-12.json,source/base/pro/illustrations/flow-12.tsx,,https://tailark.com/r/flow-12.json
illustration,quartz,flow,flow-12,radix,registry/radix/pro/flow-12.json,source/radix/pro/illustrations/flow-12.tsx,,https://tailark.com/r/radix/flow-12.json
illustration,quartz,flow,flow-13,base,registry/base/pro/flow-13.json,source/base/pro/illustrations/flow-13.tsx,,https://tailark.com/r/flow-13.json
illustration,quartz,flow,flow-13,radix,registry/radix/pro/flow-13.json,source/radix/pro/illustrations/flow-13.tsx,,https://tailark.com/r/radix/flow-13.json
illustration,quartz,flow,flow-2,base,registry/base/pro/flow-2.json,source/base/pro/illustrations/flow-2.tsx,,https://tailark.com/r/flow-2.json
illustration,quartz,flow,flow-2,radix,registry/radix/pro/flow-2.json,source/radix/pro/illustrations/flow-2.tsx,,https://tailark.com/r/radix/flow-2.json
illustration,quartz,flow,flow-3,base,registry/base/pro/flow-3.json,source/base/pro/illustrations/flow-3.tsx,,https://tailark.com/r/flow-3.json
illustration,quartz,flow,flow-3,radix,registry/radix/pro/flow-3.json,source/radix/pro/illustrations/flow-3.tsx,,https://tailark.com/r/radix/flow-3.json
illustration,quartz,flow,flow-4,base,registry/base/pro/flow-4.json,source/base/pro/illustrations/flow-4.tsx,,https://tailark.com/r/flow-4.json
illustration,quartz,flow,flow-4,radix,registry/radix/pro/flow-4.json,source/radix/pro/illustrations/flow-4.tsx,,https://tailark.com/r/radix/flow-4.json
illustration,quartz,flow,flow-5,base,registry/base/pro/flow-5.json,source/base/pro/illustrations/flow-5.tsx,,https://tailark.com/r/flow-5.json
illustration,quartz,flow,flow-5,radix,registry/radix/pro/flow-5.json,source/radix/pro/illustrations/flow-5.tsx,,https://tailark.com/r/radix/flow-5.json
illustration,quartz,flow,flow-6,base,registry/base/pro/flow-6.json,source/base/pro/illustrations/flow-6.tsx,,https://tailark.com/r/flow-6.json
illustration,quartz,flow,flow-6,radix,registry/radix/pro/flow-6.json,source/radix/pro/illustrations/flow-6.tsx,,https://tailark.com/r/radix/flow-6.json
illustration,quartz,flow,flow-7,base,registry/base/pro/flow-7.json,source/base/pro/illustrations/flow-7.tsx,,https://tailark.com/r/flow-7.json
illustration,quartz,flow,flow-7,radix,registry/radix/pro/flow-7.json,source/radix/pro/illustrations/flow-7.tsx,,https://tailark.com/r/radix/flow-7.json
illustration,quartz,flow,flow-8,base,registry/base/pro/flow-8.json,source/base/pro/illustrations/flow-8.tsx,,https://tailark.com/r/flow-8.json
illustration,quartz,flow,flow-8,radix,registry/radix/pro/flow-8.json,source/radix/pro/illustrations/flow-8.tsx,,https://tailark.com/r/radix/flow-8.json
illustration,quartz,flow,flow-9,base,registry/base/pro/flow-9.json,source/base/pro/illustrations/flow-9.tsx,,https://tailark.com/r/flow-9.json
illustration,quartz,flow,flow-9,radix,registry/radix/pro/flow-9.json,source/radix/pro/illustrations/flow-9.tsx,,https://tailark.com/r/radix/flow-9.json
illustration,quartz,mobile,food-delivery,base,registry/base/pro/food-delivery.json,source/base/pro/illustrations/food-delivery.tsx,,https://tailark.com/r/food-delivery.json
illustration,quartz,mobile,food-delivery,radix,registry/radix/pro/food-delivery.json,source/radix/pro/illustrations/food-delivery.tsx,,https://tailark.com/r/radix/food-delivery.json
illustration,quartz,others,id-check,base,registry/base/pro/id-check.json,source/base/pro/illustrations/id-check.tsx,,https://tailark.com/r/id-check.json
illustration,quartz,others,id-check,radix,registry/radix/pro/id-check.json,source/radix/pro/illustrations/id-check.tsx,,https://tailark.com/r/radix/id-check.json
illustration,quartz,ai,integrations,base,registry/base/pro/integrations.json,source/base/pro/illustrations/integrations.tsx,,https://tailark.com/r/integrations.json
illustration,quartz,ai,integrations,radix,registry/radix/pro/integrations.json,source/radix/pro/illustrations/integrations.tsx,,https://tailark.com/r/radix/integrations.json
illustration,quartz,workspace,invoice,base,registry/base/pro/invoice.json,source/base/pro/illustrations/invoice.tsx,,https://tailark.com/r/invoice.json
illustration,quartz,workspace,invoice,radix,registry/radix/pro/invoice.json,source/radix/pro/illustrations/invoice.tsx,,https://tailark.com/r/radix/invoice.json
illustration,quartz,workspace,invoice-signing,base,registry/base/pro/invoice-signing.json,source/base/pro/illustrations/invoice-signing.tsx,,https://tailark.com/r/invoice-signing.json
illustration,quartz,workspace,invoice-signing,radix,registry/radix/pro/invoice-signing.json,source/radix/pro/illustrations/invoice-signing.tsx,,https://tailark.com/r/radix/invoice-signing.json
illustration,quartz,workspace,kanban,base,registry/base/pro/kanban.json,source/base/pro/illustrations/kanban.tsx,,https://tailark.com/r/kanban.json
illustration,quartz,workspace,kanban,radix,registry/radix/pro/kanban.json,source/radix/pro/illustrations/kanban.tsx,,https://tailark.com/r/radix/kanban.json
illustration,quartz,workspace,kanban-2,base,registry/base/pro/kanban-2.json,source/base/pro/illustrations/kanban-2.tsx,,https://tailark.com/r/kanban-2.json
illustration,quartz,workspace,kanban-2,radix,registry/radix/pro/kanban-2.json,source/radix/pro/illustrations/kanban-2.tsx,,https://tailark.com/r/radix/kanban-2.json
illustration,quartz,workspace,kanban-3,base,registry/base/pro/kanban-3.json,source/base/pro/illustrations/kanban-3.tsx,,https://tailark.com/r/kanban-3.json
illustration,quartz,workspace,kanban-3,radix,registry/radix/pro/kanban-3.json,source/radix/pro/illustrations/kanban-3.tsx,,https://tailark.com/r/radix/kanban-3.json
illustration,quartz,others,keys,base,registry/base/pro/keys.json,source/base/pro/illustrations/keys.tsx,,https://tailark.com/r/keys.json
illustration,quartz,others,keys,radix,registry/radix/pro/keys.json,source/radix/pro/illustrations/keys.tsx,,https://tailark.com/r/radix/keys.json
illustration,quartz,visualization,map,base,registry/base/pro/map.json,source/base/pro/illustrations/map.tsx,,https://tailark.com/r/map.json
illustration,quartz,visualization,map,radix,registry/radix/pro/map.json,source/radix/pro/illustrations/map.tsx,,https://tailark.com/r/radix/map.json
illustration,quartz,visualization,map-2,base,registry/base/pro/map-2.json,source/base/pro/illustrations/map-2.tsx,,https://tailark.com/r/map-2.json
illustration,quartz,visualization,map-2,radix,registry/radix/pro/map-2.json,source/radix/pro/illustrations/map-2.tsx,,https://tailark.com/r/radix/map-2.json
illustration,quartz,workspace,meeting,base,registry/base/pro/meeting.json,source/base/pro/illustrations/meeting.tsx,,https://tailark.com/r/meeting.json
illustration,quartz,workspace,meeting,radix,registry/radix/pro/meeting.json,source/radix/pro/illustrations/meeting.tsx,,https://tailark.com/r/radix/meeting.json
illustration,quartz,workspace,meeting-2,base,registry/base/pro/meeting-2.json,source/base/pro/illustrations/meeting-2.tsx,,https://tailark.com/r/meeting-2.json
illustration,quartz,workspace,meeting-2,radix,registry/radix/pro/meeting-2.json,source/radix/pro/illustrations/meeting-2.tsx,,https://tailark.com/r/radix/meeting-2.json
illustration,quartz,workspace,meeting-3,base,registry/base/pro/meeting-3.json,source/base/pro/illustrations/meeting-3.tsx,,https://tailark.com/r/meeting-3.json
illustration,quartz,workspace,meeting-3,radix,registry/radix/pro/meeting-3.json,source/radix/pro/illustrations/meeting-3.tsx,,https://tailark.com/r/radix/meeting-3.json
illustration,quartz,workspace,meeting-4,base,registry/base/pro/meeting-4.json,source/base/pro/illustrations/meeting-4.tsx,,https://tailark.com/r/meeting-4.json
illustration,quartz,workspace,meeting-4,radix,registry/radix/pro/meeting-4.json,source/radix/pro/illustrations/meeting-4.tsx,,https://tailark.com/r/radix/meeting-4.json
illustration,quartz,visualization,memory-usage,base,registry/base/pro/memory-usage.json,source/base/pro/illustrations/memory-usage.tsx,,https://tailark.com/r/memory-usage.json
illustration,quartz,visualization,memory-usage,radix,registry/radix/pro/memory-usage.json,source/radix/pro/illustrations/memory-usage.tsx,,https://tailark.com/r/radix/memory-usage.json
illustration,quartz,message,message,base,registry/base/pro/message.json,source/base/pro/illustrations/message.tsx,,https://tailark.com/r/message.json
illustration,quartz,message,message,radix,registry/radix/pro/message.json,source/radix/pro/illustrations/message.tsx,,https://tailark.com/r/radix/message.json
illustration,quartz,message,message-2,base,registry/base/pro/message-2.json,source/base/pro/illustrations/message-2.tsx,,https://tailark.com/r/message-2.json
illustration,quartz,message,message-2,radix,registry/radix/pro/message-2.json,source/radix/pro/illustrations/message-2.tsx,,https://tailark.com/r/radix/message-2.json
illustration,quartz,visualization,metrics,base,registry/base/pro/metrics.json,source/base/pro/illustrations/metrics.tsx,,https://tailark.com/r/metrics.json
illustration,quartz,visualization,metrics,radix,registry/radix/pro/metrics.json,source/radix/pro/illustrations/metrics.tsx,,https://tailark.com/r/radix/metrics.json
illustration,quartz,mobile,mobile-ai-assistant,base,registry/base/pro/mobile-ai-assistant.json,source/base/pro/illustrations/mobile-ai-assistant.tsx,,https://tailark.com/r/mobile-ai-assistant.json
illustration,quartz,mobile,mobile-ai-assistant,radix,registry/radix/pro/mobile-ai-assistant.json,source/radix/pro/illustrations/mobile-ai-assistant.tsx,,https://tailark.com/r/radix/mobile-ai-assistant.json
illustration,quartz,mobile,mobile-ai-suggestion,base,registry/base/pro/mobile-ai-suggestion.json,source/base/pro/illustrations/mobile-ai-suggestion.tsx,,https://tailark.com/r/mobile-ai-suggestion.json
illustration,quartz,mobile,mobile-ai-suggestion,radix,registry/radix/pro/mobile-ai-suggestion.json,source/radix/pro/illustrations/mobile-ai-suggestion.tsx,,https://tailark.com/r/radix/mobile-ai-suggestion.json
illustration,quartz,mobile,mobile-card-form,base,registry/base/pro/mobile-card-form.json,source/base/pro/illustrations/mobile-card-form.tsx,,https://tailark.com/r/mobile-card-form.json
illustration,quartz,mobile,mobile-card-form,radix,registry/radix/pro/mobile-card-form.json,source/radix/pro/illustrations/mobile-card-form.tsx,,https://tailark.com/r/radix/mobile-card-form.json
illustration,quartz,mobile,mobile-email,base,registry/base/pro/mobile-email.json,source/base/pro/illustrations/mobile-email.tsx,,https://tailark.com/r/mobile-email.json
illustration,quartz,mobile,mobile-email,radix,registry/radix/pro/mobile-email.json,source/radix/pro/illustrations/mobile-email.tsx,,https://tailark.com/r/radix/mobile-email.json
illustration,quartz,mobile,mobile-note,base,registry/base/pro/mobile-note.json,source/base/pro/illustrations/mobile-note.tsx,,https://tailark.com/r/mobile-note.json
illustration,quartz,mobile,mobile-note,radix,registry/radix/pro/mobile-note.json,source/radix/pro/illustrations/mobile-note.tsx,,https://tailark.com/r/radix/mobile-note.json
illustration,quartz,mobile,mobile-note-2,base,registry/base/pro/mobile-note-2.json,source/base/pro/illustrations/mobile-note-2.tsx,,https://tailark.com/r/mobile-note-2.json
illustration,quartz,mobile,mobile-note-2,radix,registry/radix/pro/mobile-note-2.json,source/radix/pro/illustrations/mobile-note-2.tsx,,https://tailark.com/r/radix/mobile-note-2.json
illustration,quartz,mobile,mobile-wallet,base,registry/base/pro/mobile-wallet.json,source/base/pro/illustrations/mobile-wallet.tsx,,https://tailark.com/r/mobile-wallet.json
illustration,quartz,mobile,mobile-wallet,radix,registry/radix/pro/mobile-wallet.json,source/radix/pro/illustrations/mobile-wallet.tsx,,https://tailark.com/r/radix/mobile-wallet.json
illustration,quartz,mobile,mobile-wallet-area,base,registry/base/pro/mobile-wallet-area.json,source/base/pro/illustrations/mobile-wallet-area.tsx,,https://tailark.com/r/mobile-wallet-area.json
illustration,quartz,mobile,mobile-wallet-area,radix,registry/radix/pro/mobile-wallet-area.json,source/radix/pro/illustrations/mobile-wallet-area.tsx,,https://tailark.com/r/radix/mobile-wallet-area.json
illustration,quartz,mobile,mobile-wallet-line,base,registry/base/pro/mobile-wallet-line.json,source/base/pro/illustrations/mobile-wallet-line.tsx,,https://tailark.com/r/mobile-wallet-line.json
illustration,quartz,mobile,mobile-wallet-line,radix,registry/radix/pro/mobile-wallet-line.json,source/radix/pro/illustrations/mobile-wallet-line.tsx,,https://tailark.com/r/radix/mobile-wallet-line.json
illustration,quartz,ai,model-selector,base,registry/base/pro/model-selector.json,source/base/pro/illustrations/model-selector.tsx,,https://tailark.com/r/model-selector.json
illustration,quartz,ai,model-selector,radix,registry/radix/pro/model-selector.json,source/radix/pro/illustrations/model-selector.tsx,,https://tailark.com/r/radix/model-selector.json
illustration,quartz,ai,model-training,base,registry/base/pro/model-training.json,source/base/pro/illustrations/model-training.tsx,,https://tailark.com/r/model-training.json
illustration,quartz,ai,model-training,radix,registry/radix/pro/model-training.json,source/radix/pro/illustrations/model-training.tsx,,https://tailark.com/r/radix/model-training.json
illustration,quartz,ai,models,base,registry/base/pro/models.json,source/base/pro/illustrations/models.tsx,,https://tailark.com/r/models.json
illustration,quartz,ai,models,radix,registry/radix/pro/models.json,source/radix/pro/illustrations/models.tsx,,https://tailark.com/r/radix/models.json
illustration,quartz,ai,models-2,base,registry/base/pro/models-2.json,source/base/pro/illustrations/models-2.tsx,,https://tailark.com/r/models-2.json
illustration,quartz,ai,models-2,radix,registry/radix/pro/models-2.json,source/radix/pro/illustrations/models-2.tsx,,https://tailark.com/r/radix/models-2.json
illustration,quartz,ai,models-3,base,registry/base/pro/models-3.json,source/base/pro/illustrations/models-3.tsx,,https://tailark.com/r/models-3.json
illustration,quartz,ai,models-3,radix,registry/radix/pro/models-3.json,source/radix/pro/illustrations/models-3.tsx,,https://tailark.com/r/radix/models-3.json
illustration,quartz,ai,models-4,base,registry/base/pro/models-4.json,source/base/pro/illustrations/models-4.tsx,,https://tailark.com/r/models-4.json
illustration,quartz,ai,models-4,radix,registry/radix/pro/models-4.json,source/radix/pro/illustrations/models-4.tsx,,https://tailark.com/r/radix/models-4.json
illustration,quartz,workspace,notes,base,registry/base/pro/notes.json,source/base/pro/illustrations/notes.tsx,,https://tailark.com/r/notes.json
illustration,quartz,workspace,notes,radix,registry/radix/pro/notes.json,source/radix/pro/illustrations/notes.tsx,,https://tailark.com/r/radix/notes.json
illustration,quartz,workspace,notes-2,base,registry/base/pro/notes-2.json,source/base/pro/illustrations/notes-2.tsx,,https://tailark.com/r/notes-2.json
illustration,quartz,workspace,notes-2,radix,registry/radix/pro/notes-2.json,source/radix/pro/illustrations/notes-2.tsx,,https://tailark.com/r/radix/notes-2.json
illustration,quartz,workspace,notes-3,base,registry/base/pro/notes-3.json,source/base/pro/illustrations/notes-3.tsx,,https://tailark.com/r/notes-3.json
illustration,quartz,workspace,notes-3,radix,registry/radix/pro/notes-3.json,source/radix/pro/illustrations/notes-3.tsx,,https://tailark.com/r/radix/notes-3.json
illustration,quartz,form,payment,base,registry/base/pro/payment.json,source/base/pro/illustrations/payment.tsx,,https://tailark.com/r/payment.json
illustration,quartz,form,payment,radix,registry/radix/pro/payment.json,source/radix/pro/illustrations/payment.tsx,,https://tailark.com/r/radix/payment.json
illustration,quartz,workspace,poll,base,registry/base/pro/poll.json,source/base/pro/illustrations/poll.tsx,,https://tailark.com/r/poll.json
illustration,quartz,workspace,poll,radix,registry/radix/pro/poll.json,source/radix/pro/illustrations/poll.tsx,,https://tailark.com/r/radix/poll.json
illustration,quartz,workspace,poll-2,base,registry/base/pro/poll-2.json,source/base/pro/illustrations/poll-2.tsx,,https://tailark.com/r/poll-2.json
illustration,quartz,workspace,poll-2,radix,registry/radix/pro/poll-2.json,source/radix/pro/illustrations/poll-2.tsx,,https://tailark.com/r/radix/poll-2.json
illustration,quartz,message,reply,base,registry/base/pro/reply.json,source/base/pro/illustrations/reply.tsx,,https://tailark.com/r/reply.json
illustration,quartz,message,reply,radix,registry/radix/pro/reply.json,source/radix/pro/illustrations/reply.tsx,,https://tailark.com/r/radix/reply.json
illustration,quartz,mobile,ride-sharing,base,registry/base/pro/ride-sharing.json,source/base/pro/illustrations/ride-sharing.tsx,,https://tailark.com/r/ride-sharing.json
illustration,quartz,mobile,ride-sharing,radix,registry/radix/pro/ride-sharing.json,source/radix/pro/illustrations/ride-sharing.tsx,,https://tailark.com/r/radix/ride-sharing.json
illustration,quartz,mobile,running-visualization,base,registry/base/pro/running-visualization.json,source/base/pro/illustrations/running-visualization.tsx,,https://tailark.com/r/running-visualization.json
illustration,quartz,mobile,running-visualization,radix,registry/radix/pro/running-visualization.json,source/radix/pro/illustrations/running-visualization.tsx,,https://tailark.com/r/radix/running-visualization.json
illustration,quartz,workspace,schedule,base,registry/base/pro/schedule.json,source/base/pro/illustrations/schedule.tsx,,https://tailark.com/r/schedule.json
illustration,quartz,workspace,schedule,radix,registry/radix/pro/schedule.json,source/radix/pro/illustrations/schedule.tsx,,https://tailark.com/r/radix/schedule.json
illustration,quartz,mobile,shopping-cart,base,registry/base/pro/shopping-cart.json,source/base/pro/illustrations/shopping-cart.tsx,,https://tailark.com/r/shopping-cart.json
illustration,quartz,mobile,shopping-cart,radix,registry/radix/pro/shopping-cart.json,source/radix/pro/illustrations/shopping-cart.tsx,,https://tailark.com/r/radix/shopping-cart.json
illustration,quartz,mobile,sleep-tracker,base,registry/base/pro/sleep-tracker.json,source/base/pro/illustrations/sleep-tracker.tsx,,https://tailark.com/r/sleep-tracker.json
illustration,quartz,mobile,sleep-tracker,radix,registry/radix/pro/sleep-tracker.json,source/radix/pro/illustrations/sleep-tracker.tsx,,https://tailark.com/r/radix/sleep-tracker.json
illustration,quartz,mobile,sleep-visualization,base,registry/base/pro/sleep-visualization.json,source/base/pro/illustrations/sleep-visualization.tsx,,https://tailark.com/r/sleep-visualization.json
illustration,quartz,mobile,sleep-visualization,radix,registry/radix/pro/sleep-visualization.json,source/radix/pro/illustrations/sleep-visualization.tsx,,https://tailark.com/r/radix/sleep-visualization.json
illustration,quartz,ai,text-to-speech,base,registry/base/pro/text-to-speech.json,source/base/pro/illustrations/text-to-speech.tsx,,https://tailark.com/r/text-to-speech.json
illustration,quartz,ai,text-to-speech,radix,registry/radix/pro/text-to-speech.json,source/radix/pro/illustrations/text-to-speech.tsx,,https://tailark.com/r/radix/text-to-speech.json
illustration,quartz,mobile,todo-app,base,registry/base/pro/todo-app.json,source/base/pro/illustrations/todo-app.tsx,,https://tailark.com/r/todo-app.json
illustration,quartz,mobile,todo-app,radix,registry/radix/pro/todo-app.json,source/radix/pro/illustrations/todo-app.tsx,,https://tailark.com/r/radix/todo-app.json
illustration,quartz,ai,token-counter,base,registry/base/pro/token-counter.json,source/base/pro/illustrations/token-counter.tsx,,https://tailark.com/r/token-counter.json
illustration,quartz,ai,token-counter,radix,registry/radix/pro/token-counter.json,source/radix/pro/illustrations/token-counter.tsx,,https://tailark.com/r/radix/token-counter.json
illustration,quartz,ai,translation-interface,base,registry/base/pro/translation-interface.json,source/base/pro/illustrations/translation-interface.tsx,,https://tailark.com/r/translation-interface.json
illustration,quartz,ai,translation-interface,radix,registry/radix/pro/translation-interface.json,source/radix/pro/illustrations/translation-interface.tsx,,https://tailark.com/r/radix/translation-interface.json
illustration,quartz,visualization,uptime,base,registry/base/pro/uptime.json,source/base/pro/illustrations/uptime.tsx,,https://tailark.com/r/uptime.json
illustration,quartz,visualization,uptime,radix,registry/radix/pro/uptime.json,source/radix/pro/illustrations/uptime.tsx,,https://tailark.com/r/radix/uptime.json
illustration,quartz,workspace,user,base,registry/base/pro/user.json,source/base/pro/illustrations/user.tsx,,https://tailark.com/r/user.json
illustration,quartz,workspace,user,radix,registry/radix/pro/user.json,source/radix/pro/illustrations/user.tsx,,https://tailark.com/r/radix/user.json
illustration,quartz,workspace,users,base,registry/base/pro/users.json,source/base/pro/illustrations/users.tsx,,https://tailark.com/r/users.json
illustration,quartz,workspace,users,radix,registry/radix/pro/users.json,source/radix/pro/illustrations/users.tsx,,https://tailark.com/r/radix/users.json
illustration,quartz,visualization,visualization,base,registry/base/pro/visualization.json,source/base/pro/illustrations/visualization.tsx,,https://tailark.com/r/visualization.json
illustration,quartz,visualization,visualization,radix,registry/radix/pro/visualization.json,source/radix/pro/illustrations/visualization.tsx,,https://tailark.com/r/radix/visualization.json
illustration,quartz,others,workflow,base,registry/base/pro/workflow.json,source/base/pro/illustrations/workflow.tsx,,https://tailark.com/r/workflow.json
illustration,quartz,others,workflow,radix,registry/radix/pro/workflow.json,source/radix/pro/illustrations/workflow.tsx,,https://tailark.com/r/radix/workflow.json
